/*
 Navicat Premium Data Transfer

 Source Server         : mysql
 Source Server Type    : MySQL
 Source Server Version : 80018
 Source Host           : localhost:3306
 Source Schema         : brs

 Target Server Type    : MySQL
 Target Server Version : 80018
 File Encoding         : 65001

 Date: 09/05/2021 15:20:16
*/

SET NAMES utf8mb4;
SET FOREIGN_KEY_CHECKS = 0;

-- ----------------------------
-- Table structure for book_house
-- ----------------------------
DROP TABLE IF EXISTS `book_house`;
CREATE TABLE `book_house`  (
  `book_id` varchar(255) CHARACTER SET utf8 COLLATE utf8_bin NOT NULL COMMENT '书号\r\n',
  `book_name` varchar(255) CHARACTER SET utf8 COLLATE utf8_bin NOT NULL COMMENT '书名',
  `book_img_url` varchar(255) CHARACTER SET utf8 COLLATE utf8_bin NOT NULL COMMENT '书图片',
  `book_author` varchar(255) CHARACTER SET utf8 COLLATE utf8_bin NOT NULL COMMENT '作者',
  `book_a_type` varchar(255) CHARACTER SET utf8 COLLATE utf8_bin NOT NULL COMMENT 'A类型',
  `book_b_type` varchar(255) CHARACTER SET utf8 COLLATE utf8_bin NOT NULL COMMENT 'B类型',
  `book_c_type` varchar(255) CHARACTER SET utf8 COLLATE utf8_bin NULL DEFAULT NULL COMMENT 'C类型',
  `book_d_type` varchar(255) CHARACTER SET utf8 COLLATE utf8_bin NULL DEFAULT NULL COMMENT 'D类型',
  `book_feature` varchar(255) CHARACTER SET utf8 COLLATE utf8_bin NOT NULL COMMENT '书的简介',
  `publish_unit` varchar(255) CHARACTER SET utf8 COLLATE utf8_bin NOT NULL COMMENT '出版单位',
  `publish_time` datetime(0) NOT NULL COMMENT '出版时间',
  `book_price` double(10, 2) NOT NULL COMMENT '价格',
  `book_pages` bigint(255) NOT NULL COMMENT '页数',
  `book_country` varchar(255) CHARACTER SET utf8 COLLATE utf8_bin NOT NULL COMMENT '国家',
  `trial_age` int(11) NOT NULL COMMENT '试用年龄',
  `collect_num` bigint(255) NOT NULL COMMENT '收藏数量',
  `recommend_num` bigint(255) NOT NULL COMMENT '推荐数量',
  `read_num` bigint(255) NOT NULL COMMENT '阅读数量',
  `avg_score` varchar(25) CHARACTER SET utf8 COLLATE utf8_bin NOT NULL COMMENT '平均分',
  `put_time` datetime(0) NOT NULL COMMENT '上架时间',
  PRIMARY KEY (`book_id`) USING BTREE
) ENGINE = InnoDB CHARACTER SET = utf8 COLLATE = utf8_bin ROW_FORMAT = Dynamic;

-- ----------------------------
-- Records of book_house
-- ----------------------------
INSERT INTO `book_house` VALUES ('101', '挑战程序设计竞赛', '/images/book/挑战程序设计竞赛.jpg', '秋叶拓哉', '11000000', '11080000', '11080900', '11080902', '本书对程序设计竞赛中的基础算法和经典问题进行了汇总，分为准备篇、初级篇、中级篇与高级篇4章。', '清华大学出版社', '2021-01-21 22:44:50', 69.00, 162, 'C03', 0, 1, 0, 4, '5.0', '2021-04-15 22:44:50');
INSERT INTO `book_house` VALUES ('102', '深入Java虚拟机', '/images/book/深入Java虚拟机.jpg', '中村成洋', '11000000', '11080000', '11080900', '11080902', '本书深入Java虚拟机底层原理，对JVM内存管理中的垃圾回收算法G1GC进行了详细解读。全书分为“算法篇”和“实现篇”两大部分：前一部分主要介绍G1GC的算法原理，内容包括G1GC的并发标记、转移功能、软实时性的实现和分代G1GC模式；后一部分聚焦算法篇中没有详细讲解的实现部分，基于HotSpotVM源码，讲解对象管理功能', '清华大学出版社', '2020-12-22 22:44:50', 59.00, 222, 'C03', 0, 0, 0, 2, '0', '2021-04-15 22:44:50');
INSERT INTO `book_house` VALUES ('103', '精通Spring', '/images/book/精通Spring.jpg', '兰加•拉奥•卡拉南', '11000000', '11080000', '11080900', '11080902', '本书是使用Spring进行Java Web开发的指导手册，介绍了Spring Framework的演变——从解决可测试应用程序的问题到在云端构建分布式应用程序', '清华大学出版社', '2020-06-08 22:44:50', 99.00, 340, 'C02', 0, 0, 7, 2, '5', '2021-04-15 22:44:50');
INSERT INTO `book_house` VALUES ('104', 'Java实践指南', '/images/book/Java实践指南.jpg', 'Phillip Johnson', '11000000', '11080000', '11080900', '11080902', 'Java因其强大、易用等诸多优点而广受青睐、久盛不衰。本书是Java实践指南，从实战角度指导读者快速上手Java编程。', '清华大学出版社', '2019-09-09 22:44:50', 49.00, 131, 'C02', 0, 0, 0, 0, '0', '2021-04-15 22:44:50');
INSERT INTO `book_house` VALUES ('105', '明解Java', '/images/book/明解Java.jpg', '柴田望洋', '11000000', '11080000', '11080900', '11080902', '本书图文并茂，示例丰富，通过284幅图表和258段代码，由浅入深地解说了从Java的基础知识到面向对象编程的内容', '清华大学出版社', '2018-01-19 22:44:50', 99.00, 483, 'C03', 0, 0, 1, 0, '8.0', '2021-04-15 22:44:50');
INSERT INTO `book_house` VALUES ('106', 'Java线程设计模式', '/images/book/Java线程设计模式.jpg', '结城浩', '11000000', '11080000', '11080900', '11080902', '本书通过具体的Java 程序，以浅显易懂的语言逐一说明了多线程和并发处理中常用的12 种设计模式。内容涉及线程的基础知识、线程的启动与终止', '清华大学出版社', '2017-08-22 22:44:50', 22.00, 222, 'C01', 0, 0, 0, 1, '2.0', '2021-04-15 22:44:50');
INSERT INTO `book_house` VALUES ('107', 'Java机器学习', '/images/book/Java机器学习.jpg', '武传海', '11000000', '11080000', '11080900', '11080902', '本书介绍如何使用Java创建并实现机器学习算法，既有基础知识，又提供实战案例。', '清华大学出版社', '2017-09-01 22:44:50', 22.00, 322, 'C01', 0, 0, 0, 0, '0', '2021-04-15 22:44:50');
INSERT INTO `book_house` VALUES ('108', 'Java技术手册', '/images/book/Java技术手册.jpg', '安道', '11000000', '11080000', '11080900', '11080902', '掌握最新的语言细节，包括Java 8的变化', '清华大学出版社', '2015-11-23 22:44:50', 22.00, 224, 'C03', 0, 0, 0, 1, '0', '2021-04-15 22:44:50');
INSERT INTO `book_house` VALUES ('109', 'Java编程思维', '/images/book/Java编程思维.jpg', '袁国忠', '11000000', '11080000', '11080900', '11080902', '本书从最基本的编程术语入手，用代码示例诠释计算机科学概念，旨在教会读者像计算机', '清华大学出版社', '2016-12-15 22:44:50', 22.00, 22, 'C01', 0, 0, 0, 0, '0', '2021-04-15 22:44:50');
INSERT INTO `book_house` VALUES ('110', 'Java性能权威指南', '/images/book/Java性能权威指南.jpg', '柳飞', '11000000', '11080000', '11080900', '11080902', '本书对Java 7和Java 8中影响性能的因素展开了全面深入的介绍，讲解传统上影响应用性能的JVM特征，包括即时编译器、垃圾收集、语言特征等。', '清华大学出版社', '2016-03-18 22:44:50', 22.00, 227, 'C01', 0, 0, 0, 0, '0', '2021-04-15 22:44:50');
INSERT INTO `book_house` VALUES ('111', '面向对象', '/images/book/面向对象.jpg', '平泽章  ', '11000000', '11080000', '11080900', '11080902', '本书以图配文的形式，直观易懂地详细介绍了面向对象的全貌及其中包含的各项技术，包括面向对象编程、框架、设计模式、UML、建模、面向对象设计和敏捷开发等', '清华大学出版社', '2020-07-13 22:44:50', 22.00, 888, 'C03', 0, 0, 0, 2, '0', '2021-04-15 22:44:50');
INSERT INTO `book_house` VALUES ('112', 'Java测试驱动开发', '/images/book/Java测试驱动开发.jpg', 'Viktor', '11000000', '11080000', '11080900', '11080902', '本书介绍如何将各种TDD最佳实践应用于Java开发，主要内容包括：用Java语言进行TDD会用到的各种工具和框架，所需环境搭建；通过实际应用程序', '清华大学出版社', '2017-08-17 22:44:50', 22.00, 227, 'C02', 0, 0, 0, 1, '0', '2021-04-15 22:44:50');
INSERT INTO `book_house` VALUES ('113', 'SQL进阶教程', '/images/book/SQL进阶教程.jpg', 'MICK', '11000000', '11080000', '11080900', '11080902', '本书是《SQL基础教程》作者MICK为志在向中级进阶的数据库工程师编写的一本SQL技能提升指南。', '清华大学出版社', '2019-05-20 22:44:50', 22.00, 22, 'C02', 0, 0, 0, 1, '0', '2021-04-15 22:44:50');
INSERT INTO `book_house` VALUES ('114', 'Python数据分析', '/images/book/Python数据分析.jpg', '丹尼尔·陈', '11000000', '11080000', '11080900', '11080902', '本书是Python数据分析入门书，每个概念都通过简单实例来阐述，便于读者理解与上手。具体内容包括：Python及Pandas基础知识，加载和查看数据集', '清华大学出版社', '2020-03-14 22:44:50', 22.00, 22, 'C02', 0, 0, 0, 0, '0', '2021-04-15 22:44:50');
INSERT INTO `book_house` VALUES ('115', '详解深度学习', '/images/book/详解深度学习.jpg', '巢笼悠辅 ', '11000000', '11080000', '11080900', '11080902', '本书着眼于处理时间序列数据的深度学习算法，通过基于Python 语言的库TensorFlow 和Keras来学习神经网络、深度学习的理论和实现。', '清华大学出版社', '2019-11-15 22:44:50', 22.00, 22, 'C03', 0, 0, 0, 0, '0', '2021-04-15 22:44:50');
INSERT INTO `book_house` VALUES ('116', '征服C指针', '/images/book/征服C指针.jpg', '丹尼尔·索利斯 ', '11000000', '11080000', '11080900', '11080902', '本书是广受赞誉的《C# 图解教程》的最新版本。作者在本书中创造了一种全新的可视化叙述方式，以图文并茂的形式、朴实简洁的文字，并辅以大量表格和代码示例', '清华大学出版社', '2019-11-20 22:44:50', 22.00, 22, 'C02', 0, 0, 0, 0, '0', '2021-04-15 22:44:50');
INSERT INTO `book_house` VALUES ('117', 'Spring Boot实战', '/images/book/Spring Boot实战.jpg', 'Craig Walls ', '11000000', '11080000', '11080900', '11080902', 'Spring改变了企业级Java应用开发方式，让Java开发更简单、高效；Spring Boot作为Spring开发的黄金助手，则在这个基础上，让开发者的生活更上一个台阶！', '清华大学出版社', '2019-11-20 22:44:50', 22.00, 22, 'C02', 0, 0, 0, 0, '0', '2016-09-05 22:44:50');
INSERT INTO `book_house` VALUES ('118', 'Java 核心编程原理', '/images/book/Java 核心编程原理.jpg', 'Craig Walls ', '11000000', '11080000', '11080900', '11080902', '本书详实地讲解了Java的基础语法和高级特性，摒弃了对Java图形界面的大篇幅阐述，并对Java的核心变化（虚拟机和GC机制）进行详细描述, 全书内容通俗易懂，', '清华大学出版社', '2019-11-20 22:44:50', 22.00, 22, 'C02', 0, 0, 0, 1, '0', '2016-09-05 22:44:50');
INSERT INTO `book_house` VALUES ('119', '明解C语言', '/images/book/明解C语言.jpg', '柴田望洋 ', '11000000', '11080000', '11080900', '11080902', '本书是日本的C语言经典教材，自出版以来不断重印、修订，被誉为“C语言圣经”。作者在日本IT界家喻户晓，出版过一系列极富影响力的计算机教材和参考书。', '清华大学出版社', '2013-05-02 22:44:50', 22.00, 22, 'C03', 0, 0, 0, 0, '0', '2016-09-05 22:44:50');
INSERT INTO `book_house` VALUES ('120', 'C语言详解', '/images/book/C语言详解.jpg', 'Jeri R.Hanly', '11000000', '11080000', '11080900', '11080902', '本书是C语言的经典教材。它不仅深入浅出地讲述了实际开发中最需要的C语言基础知识，还充分介绍了动态数据结构和多进程等高级内容。', '清华大学出版社', '2010-03-15 22:44:50', 22.00, 22, 'C03', 0, 0, 0, 0, '0', '2016-09-05 22:44:50');
INSERT INTO `book_house` VALUES ('201', '谈判力', '/images/book2/谈判力.jpg', '罗杰', '12000000', '12010000', '12010000', '12010000', '无论你愿意与否，你都是一名谈判者。谈判是生活中无法避免的现实。你要和老板商量提薪，要和小贩讨价还价，要和家人商定度假目的地', '人民文学出版社', '2010-03-15 22:44:50', 22.00, 22, 'C02', 0, 0, 0, 1, '0', '2016-09-05 22:44:50');
INSERT INTO `book_house` VALUES ('202', '明代通俗类书研究', '/images/book2/明代通俗类书研究.jpg', '刘天振', '12000000', '12010000', '12010000', '12010000', '通俗类书是相对于官修大型类书及文士私撰类书而言的、主要由民间书坊编刊的一类书籍。', '人民文学出版社', '2010-03-15 22:44:50', 22.00, 22, 'C01', 0, 0, 0, 0, '0', '2016-09-05 22:44:50');
INSERT INTO `book_house` VALUES ('203', '新旧之间', '/images/book2/新旧之间.jpg', '康建胜 ', '12000000', '12020000', '12020000', '12020000', '本书以《樊山政书》所反映的清末法制变革中樊增祥任藩、臬两司的司法公文为研究对象，围绕转型时期的“变”与“不变”、“新”与“旧”之间的冲突与沟通.', '人民文学出版社', '2010-03-15 22:44:50', 22.00, 22, 'C01', 0, 0, 0, 0, '0', '2016-09-05 22:44:50');
INSERT INTO `book_house` VALUES ('204', '帝国主义', '/images/book2/帝国主义.jpg', '纪明 ', '12000000', '12020000', '12020000', '12020000', '帝国主义', '人民文学出版社', '2010-03-15 22:44:50', 22.00, 22, 'C01', 0, 0, 0, 0, '0', '2016-09-05 22:44:50');
INSERT INTO `book_house` VALUES ('205', '法国史学革命', '/images/book2/法国史学革命.jpg', '刘永华 ', '12000000', '12030000', '12030000', '12030000', '法国史学革命', '人民文学出版社', '2010-03-15 22:44:50', 22.00, 22, 'C01', 0, 0, 0, 0, '0', '2016-09-05 22:44:50');
INSERT INTO `book_house` VALUES ('206', '海德格尔与尼采', '/images/book2/海德格尔与尼采.jpg', '马里翁 ', '12000000', '12030000', '12030000', '12030000', '海德格尔与尼采', '人民文学出版社', '2010-03-15 22:44:50', 22.00, 22, 'C02', 0, 0, 0, 0, '0', '2016-09-05 22:44:50');
INSERT INTO `book_house` VALUES ('207', '万物发明指南', '/images/book2/万物发明指南.jpg', '王乔琦', '12000000', '12040000', '12040000', '12040000', '万物发明指南', '人民文学出版社', '2010-03-15 22:44:50', 22.00, 22, 'C02', 0, 0, 0, 0, '0', '2016-09-05 22:44:50');
INSERT INTO `book_house` VALUES ('208', '思考的艺术', '/images/book2/思考的艺术.jpg', '马昕', '12000000', '12040000', '12040000', '12040000', '思考的艺术', '人民文学出版社', '2010-03-15 22:44:50', 22.00, 22, 'C02', 0, 0, 0, 0, '0', '2016-09-05 22:44:50');
INSERT INTO `book_house` VALUES ('209', '元培书架', '/images/book2/元培书架.jpg', '朱青生', '12000000', '12050000', '12050000', '12050000', '思考的艺术', '人民文学出版社', '2010-03-15 22:44:50', 22.00, 22, 'C02', 0, 0, 0, 0, '0', '2016-09-05 22:44:50');
INSERT INTO `book_house` VALUES ('210', '诗经选', '/images/book2/诗经选.jpg', '余冠英', '12000000', '12050000', '12050000', '12050000', '思考的艺术', '人民文学出版社', '2010-03-15 22:44:50', 22.00, 22, 'C02', 0, 0, 0, 0, '0', '2016-09-05 22:44:50');
INSERT INTO `book_house` VALUES ('301', '生活蒙太奇', '/images/book3/生活蒙太奇.jpg', '天然', '13000000', '13010000', '13010000', '13010000', '《生活蒙太奇》是一部充满奇妙质感的绘本作品，每天都有无数年轻人转发或评论它的精彩画面或动图。', '儿童文学出版社', '2010-03-15 22:44:50', 22.00, 22, 'C01', 0, 0, 0, 0, '0', '2016-09-05 22:44:50');
INSERT INTO `book_house` VALUES ('302', '海贼王', '/images/book3/海贼王.jpg', '尾田荣一郎', '13000000', '13010000', '13010000', '13010000', '路飞所生长的小村庄里曾经是一群以「红发香克斯」为首的海盗们的暂居地，而幼年路飞一直希望可以成为他们的一员，可在一次意外的情况下', '儿童文学出版社', '2010-03-15 22:44:50', 22.00, 22, 'C03', 0, 0, 0, 0, '0', '2016-09-05 22:44:50');
INSERT INTO `book_house` VALUES ('303', '鬼滅之刃', '/images/book3/鬼滅之刃.jpg', '吾峠呼世晴', '13000000', '13010000', '13010000', '13010000', '舞台是日本的大正時代，名叫竈門炭治郎的平凡農村少年，靠著賣炭來維持一家的生計。', '儿童文学出版社', '2010-03-15 22:44:50', 22.00, 22, 'C03', 0, 0, 0, 1, '0', '2016-09-05 22:44:50');
INSERT INTO `book_house` VALUES ('304', '火影忍者', '/images/book3/火影忍者.jpg', '岸本齊史', '13000000', '13010000', '13010000', '13010000', '这里是木叶忍者村……忍者学校的问题学生——鸣人，今天还是竭尽所能的恶作剧！', '儿童文学出版社', '2010-03-15 22:44:50', 22.00, 22, 'C03', 0, 0, 0, 0, '0', '2016-09-05 22:44:50');
INSERT INTO `book_house` VALUES ('305', '咒術迴戰', '/images/book3/咒术.jpg', '芥見下', '13000000', '13010000', '13010000', '13010000', '虎杖悠仁是一位體育萬能的高中生，某天他為了從「咒物」危機中解救學長姊，而吞下了詛咒的手指，讓「宿儺」這種詛咒跟自己合而為一。', '儿童文学出版社', '2010-03-15 22:44:50', 22.00, 22, 'C03', 0, 0, 0, 0, '0', '2016-09-05 22:44:50');
INSERT INTO `book_house` VALUES ('306', '進擊的巨人', '/images/book3/進擊的巨人.jpg', '諫山創', '13000000', '13010000', '13010000', '13010000', '艾連為了救阿爾敏，結果自己卻被巨人給吞下肚，這景象讓阿爾敏大受打擊，整個人被嚇傻不知所措。', '儿童文学出版社', '2010-03-15 22:44:50', 22.00, 22, 'C03', 0, 0, 0, 0, '0', '2016-09-05 22:44:50');
INSERT INTO `book_house` VALUES ('307', '七龍珠', '/images/book3/七龍珠.jpg', '鸟山明', '13000000', '13010000', '13010000', '13010000', '很久很久以前，地球上散落着七颗神奇的龙珠，传说只要聚齐它们，神龙就会出现，并可以为人实现一个愿望。为了寻找龙珠，孙悟空等人踏上了奇妙的寻珠之旅。', '儿童文学出版社', '2010-03-15 22:44:50', 22.00, 22, 'C03', 0, 0, 0, 0, '0', '2016-09-05 22:44:50');
INSERT INTO `book_house` VALUES ('308', '小王子', '/images/book3/小王子.jpg', '圣埃克苏佩里', '13000000', '13020000', '13020000', '13020000', '小王子是一个超凡脱俗的仙童，他住在一颗只比他大一丁点儿的小行星上。陪伴他的是一朵他非常喜爱的小玫瑰花。', '儿童文学出版社', '2010-03-15 22:44:50', 22.00, 22, 'C06', 0, 0, 0, 0, '0', '2016-09-05 22:44:50');
INSERT INTO `book_house` VALUES ('309', '安徒生童话故事集', '/images/book3/安徒生童话故事集.jpg', '安徒生', '13000000', '13020000', '13020000', '13020000', '安徒生童话', '儿童文学出版社', '2010-03-15 22:44:50', 22.00, 22, 'C06', 0, 0, 0, 0, '0', '2016-09-05 22:44:50');
INSERT INTO `book_house` VALUES ('310', '一千零一夜', '/images/book3/一千零一夜.jpg', '纳训', '13000000', '13020000', '13020000', '13020000', '一千零一夜》被高尔基誉为\"世界民间文学史上最壮丽的一座纪念碑\"。本书故事精彩、妙趣横生、想象丰富、扣人心弦', '儿童文学出版社', '2010-03-15 22:44:50', 22.00, 22, 'C06', 0, 0, 0, 0, '0', '2016-09-05 22:44:50');
INSERT INTO `book_house` VALUES ('311', '黑塞童话', '/images/book3/黑塞童话.jpg', '赫尔曼', '13000000', '13020000', '13020000', '13020000', '946年诺贝尔文学奖获奖者黑塞写给大人看的童话故事集。', '儿童文学出版社', '2010-03-15 22:44:50', 22.00, 22, 'C06', 0, 0, 0, 0, '0', '2016-09-05 22:44:50');
INSERT INTO `book_house` VALUES ('312', '绿野仙踪', '/images/book3/绿野仙踪.jpg', '莱曼', '13000000', '13020000', '13020000', '13020000', '住在大草原上的小女孩多萝西，因为一次龙卷风突袭，被卷入一个陌生而神奇的国度，好心肠的女巫告诉她，只有奥兹国的大魔法师奥兹才能送她回家。', '儿童文学出版社', '2010-03-15 22:44:50', 22.00, 22, 'C02', 0, 0, 0, 0, '0', '2016-09-05 22:44:50');
INSERT INTO `book_house` VALUES ('313', '大卫', '/images/book3/大卫.jpg', '大卫', '13000000', '13030000', '13030000', '13030000', '每一个看过《大卫，不可以》的孩子都非常喜欢他，这个天真无邪、把家里搞得一团糟的小男孩，让他们觉得又开心又释怀', '儿童文学出版社', '2010-03-15 22:44:50', 22.00, 22, 'C06', 0, 0, 0, 0, '0', '2016-09-05 22:44:50');
INSERT INTO `book_house` VALUES ('314', '爷爷变成了幽灵', '/images/book3/爷爷变成了幽灵.jpg', '金·弗珀兹', '13000000', '13030000', '13030000', '13030000', '《爷爷变成了幽灵》以平淡的语气表达浓浓的祖孙之情。书中朴实、淡彩的图画，不但感受不到死亡的可怕，反而从中找到了渲泻感情的出口。', '儿童文学出版社', '2010-03-15 22:44:50', 22.00, 22, 'C06', 0, 0, 0, 0, '0', '2016-09-05 22:44:50');
INSERT INTO `book_house` VALUES ('315', '大卫惹麻烦', '/images/book3/大卫惹麻烦.jpg', '大卫·香农', '13000000', '13030000', '13030000', '13030000', '大卫又来了，经历了被妈妈说不，被老师说不的成长经验，大卫似乎并没有痛改前非，在这本书里，继续发挥超人能量，大惹麻烦！', '儿童文学出版社', '2010-03-15 22:44:50', 22.00, 22, 'C06', 0, 0, 0, 0, '0', '2016-09-05 22:44:50');
INSERT INTO `book_house` VALUES ('316', '奥德赛', '/images/book3/奥德赛.jpg', '罗斯玛丽', '13000000', '13030000', '13030000', '13030000', '令人失忆的落拓枣，从独眼巨人的山洞死里逃生，装满各种狂风的袋子，能把人变成肥猪的魔女，在挤满逝者的冥府聆听预言', '儿童文学出版社', '2010-03-15 22:44:50', 22.00, 22, 'C06', 0, 0, 0, 0, '0', '2016-09-05 22:44:50');
INSERT INTO `book_house` VALUES ('317', '山海经', '/images/book3/山海经.jpg', '陈丝雨', '13000000', '13030000', '13030000', '13030000', '山海经》主要记述的是古代神话、地理、物产、巫术、宗教、古史、医药、民俗、民族等方面的内容。', '儿童文学出版社', '2010-03-15 22:44:50', 22.00, 22, 'C01', 0, 0, 0, 0, '0', '2016-09-05 22:44:50');
INSERT INTO `book_house` VALUES ('401', '活着', '/images/book4/活着.jpg', '余华', '14000000', '14010000', '14010000', '14010000', '《活着(新版)》讲述了农村人福贵悲惨的人生遭遇。福贵本是个阔少爷，可他嗜赌如命，终于赌光了家业，一贫如洗。他的父亲被他活活气死，母亲则在穷困中患了重病，福贵前去求药，却在途中被国民党抓去当壮丁。', '人民文学出版社', '2010-03-15 22:44:50', 22.00, 22, 'C01', 0, 0, 0, 1, '0', '2016-09-05 22:44:50');
INSERT INTO `book_house` VALUES ('402', '白夜行', '/images/book4/白夜行.jpg', '东野圭吾', '14000000', '14010000', '14010000', '14010000', '一宗离奇命案牵出跨度近20年步步惊心的故事：悲凉的爱情、吊诡的命运、令人发指的犯罪、复杂人性的对决与救赎', '人民文学出版社', '2010-03-15 22:44:50', 22.00, 22, 'C03', 0, 0, 0, 1, '0', '2016-09-05 22:44:50');
INSERT INTO `book_house` VALUES ('403', '克拉拉与太阳', '/images/book4/克拉拉与太阳.jpg', '石黑一雄', '14000000', '14010000', '14010000', '14010000', '克拉拉是一个专为陪伴儿童而设计的太阳能人工智能机器人（AF），具有极高的观察、推理与共情能力。她坐在商店展示橱窗里，注视着街头路人以及前来浏览橱窗的孩子们的一举一动。', '人民文学出版社', '2010-03-15 22:44:50', 22.00, 22, 'C06', 0, 0, 0, 1, '0', '2016-09-05 22:44:50');
INSERT INTO `book_house` VALUES ('404', '百年孤独', '/images/book4/百年孤独.jpg', '加西亚', '14000000', '14010000', '14010000', '14010000', '《百年孤独》是魔幻现实主义文学的代表作，描写了布恩迪亚家族七代人的传奇故事，以及加勒比海沿岸小镇马孔多的百年兴衰', '人民文学出版社', '2010-03-15 22:44:50', 22.00, 22, 'C06', 0, 0, 0, 0, '0', '2016-09-05 22:44:50');
INSERT INTO `book_house` VALUES ('405', '夜晚的潜水艇', '/images/book4/夜晚的潜水艇.jpg', '陈春成', '14000000', '14010000', '14010000', '14010000', '潜入故事深处，感知体内的星云旋动、草木蔓发；以词语的微光，探照记忆的海沟。关于藏匿与寻找、追捕与逃遁，种种无常中的一点确凿，烈日与深渊间的一小片清凉', '人民文学出版社', '2010-03-15 22:44:50', 22.00, 22, 'C01', 0, 0, 0, 0, '0', '2016-09-05 22:44:50');
INSERT INTO `book_house` VALUES ('406', '追风筝的人', '/images/book4/追风筝的人.jpg', '卡勒德', '14000000', '14010000', '14010000', '14010000', '12岁的阿富汗富家少爷阿米尔与仆人哈桑情同手足。然而，在一场风筝比赛后，发生了一件悲惨不堪的事', '人民文学出版社', '2010-03-15 22:44:50', 22.00, 22, 'C02', 0, 0, 0, 0, '0', '2016-09-05 22:44:50');
INSERT INTO `book_house` VALUES ('407', '解忧杂货店', '/images/book4/解忧杂货店.jpg', '东野圭吾', '14000000', '14010000', '14010000', '14010000', '现代人内心流失的东西，这家杂货店能帮你找回—— 僻静的街道旁有一家杂货店，只要写下烦恼投进卷帘门的投信口，第二天就会在店后的牛奶箱里得到回答', '人民文学出版社', '2010-03-15 22:44:50', 22.00, 22, 'C03', 0, 0, 0, 0, '0', '2016-09-05 22:44:50');
INSERT INTO `book_house` VALUES ('408', '杀死一只知更鸟', '/images/book4/杀死一只知更鸟.jpg', '哈珀·李', '14000000', '14010000', '14010000', '14010000', '成长总是个让人烦恼的命题。成长有时会很缓慢，如小溪般唱着叮咚的歌曲趟过，有时却如此突如其来', '人民文学出版社', '2010-03-15 22:44:50', 22.00, 22, 'C02', 0, 0, 0, 0, '0', '2016-09-05 22:44:50');
INSERT INTO `book_house` VALUES ('409', '三体', '/images/book4/三体.jpg', '刘慈欣', '14000000', '14010000', '14010000', '14010000', '文化大革命如火如荼进行的同时。军方探寻外星文明的绝秘计划“红岸工程”取得了突破性进展。', '人民文学出版社', '2010-03-15 22:44:50', 22.00, 22, 'C01', 0, 0, 0, 0, '0', '2016-09-05 22:44:50');
INSERT INTO `book_house` VALUES ('410', '月亮与六便士', '/images/book4/月亮与六便士.jpg', '威廉', '14000000', '14010000', '14010000', '14010000', '“满地都是六便士，他却抬头看见了月亮。” 银行家查尔斯，人到中年，事业有成，为了追求内心隐秘的绘画梦想，突然抛妻别子，弃家出走', '人民文学出版社', '2010-03-15 22:44:50', 22.00, 22, 'C06', 0, 0, 0, 0, '0', '2016-09-05 22:44:50');
INSERT INTO `book_house` VALUES ('411', '张枣诗文集', '/images/book4/张枣诗文集.jpg', '张枣', '14000000', '14020000', '14020000', '14020000', '只要想起一生中后悔的事 / 梅花便落了下来” ● 张枣逝世十一周年后，迄今全部诗文首次结集', '人民文学出版社', '2010-03-15 22:44:50', 22.00, 22, 'C01', 0, 0, 0, 0, '0', '2016-09-05 22:44:50');
INSERT INTO `book_house` VALUES ('412', '诗经', '/images/book4/诗经.jpg', '孔丘', '14000000', '14020000', '14020000', '14020000', '这本《诗经》收录全部305篇，每篇诗歌都配有相应的解释及译文，使读者更容易理解。', '人民文学出版社', '2010-03-15 22:44:50', 22.00, 22, 'C01', 0, 0, 0, 0, '0', '2016-09-05 22:44:50');
INSERT INTO `book_house` VALUES ('413', '野草', '/images/book4/野草.jpg', '鲁迅', '14000000', '14020000', '14020000', '14020000', '本书所收散文诗23篇〔包括一首打油诗和一出诗剧〕，最初都曾陆续发表于1924年12月至1926年1月的《语丝》周刊上', '人民文学出版社', '2010-03-15 22:44:50', 22.00, 22, 'C01', 0, 0, 0, 0, '0', '2016-09-05 22:44:50');
INSERT INTO `book_house` VALUES ('414', '唐诗三百首', '/images/book4/唐诗三百首.jpg', '蘅塘退士', '14000000', '14020000', '14020000', '14020000', '《唐诗三百首》的旧注本亦有许多种，其中以陈婉俊的补注本简明精当，流行最广。', '人民文学出版社', '2010-03-15 22:44:50', 22.00, 22, 'C01', 0, 0, 0, 0, '0', '2016-09-05 22:44:50');
INSERT INTO `book_house` VALUES ('415', '海子的诗', '/images/book4/海子的诗.jpg', '海子', '14000000', '14020000', '14020000', '14020000', '海子，精英和大众都爱他，官方和百姓都爱他。海子的诗，还存在于娄烨的电影、高晓松晓说、周云蓬《九月》', '人民文学出版社', '2010-03-15 22:44:50', 22.00, 22, 'C01', 0, 0, 0, 0, '0', '2016-09-05 22:44:50');
INSERT INTO `book_house` VALUES ('416', '撒哈拉的故事', '/images/book4/撒哈拉的故事.jpg', '三毛', '14000000', '14030000', '14030000', '14030000', '三毛作品中最脍炙人口的《撒哈拉的故事》，由12篇精彩动人的散文结合而成，其中《沙漠中的饭店》', '人民文学出版社', '2010-03-15 22:44:50', 22.00, 22, 'C01', 0, 0, 0, 0, '0', '2016-09-05 22:44:50');
INSERT INTO `book_house` VALUES ('417', '我们仨', '/images/book4/我们仨.jpg', '杨绛 ', '14000000', '14030000', '14030000', '14030000', '《我们仨》是钱钟书夫人杨绛撰写的家庭生活回忆录。1998年，钱钟书逝世，而他和杨绛唯一的女儿钱瑗已于此前（1997年）先他们而去', '人民文学出版社', '2010-03-15 22:44:50', 22.00, 22, 'C01', 0, 0, 0, 0, '0', '2016-09-05 22:44:50');
INSERT INTO `book_house` VALUES ('418', '朝花夕拾', '/images/book4/朝花夕拾.jpg', '鲁迅 ', '14000000', '14030000', '14030000', '14030000', '《小引》 《狗·猫·鼠》 《阿长与山海经》 《二十四孝图》 《五猖会》 《无常》 《从百草园到三味书屋》', '人民文学出版社', '2010-03-15 22:44:50', 22.00, 22, 'C01', 0, 0, 0, 0, '0', '2016-09-05 22:44:50');
INSERT INTO `book_house` VALUES ('419', '浮生六记', '/images/book4/浮生六记.jpg', '沈复 ', '14000000', '14030000', '14030000', '14030000', '这是一部自传体文学的作品，原书六卷，已逸其二，现仅存四卷（有所谓“足本”者，后二记系伪作。', '人民文学出版社', '2010-03-15 22:44:50', 22.00, 22, 'C01', 0, 0, 0, 0, '0', '2016-09-05 22:44:50');
INSERT INTO `book_house` VALUES ('420', '皮囊', '/images/book4/皮囊.jpg', '蔡崇达  ', '14000000', '14030000', '14030000', '14030000', '一部有着小说阅读质感的散文集，也是一本“认心又认人”的书。 作者蔡崇达，本着对故乡亲人的情感，用一种客观、细致、冷静的方式，讲述了一系列刻在骨肉间故事。', '人民文学出版社', '2010-03-15 22:44:50', 22.00, 22, 'C01', 0, 0, 0, 0, '0', '2016-09-05 22:44:50');
INSERT INTO `book_house` VALUES ('421', '樱桃园', '/images/book4/樱桃园.jpg', '契诃夫  ', '14000000', '14040000', '14040000', '14040000', '1903年，契诃夫在《樱桃园》中表达了告别“昨天的俄罗斯”的伤感，更表达了迎接“明天的俄罗斯”的憧憬与喜悦。', '人民文学出版社', '2010-03-15 22:44:50', 22.00, 22, 'C05', 0, 0, 0, 0, '0', '2016-09-05 22:44:50');
INSERT INTO `book_house` VALUES ('422', '敞开的门', '/images/book4/敞开的门.jpg', '彼得·布鲁克', '14000000', '14040000', '14040000', '14040000', '《敞开的门》选取了彼得·布鲁克谈论戏剧创作的三篇文章。在本书中，这位先知般的导演和理论家，为他的作品做出了明白易懂', '人民文学出版社', '2010-03-15 22:44:50', 22.00, 22, 'C06', 0, 0, 0, 0, '0', '2016-09-05 22:44:50');
INSERT INTO `book_house` VALUES ('423', '渴求', '/images/book4/渴求.jpg', '萨拉', '14000000', '14040000', '14040000', '14040000', '《渴求》为英国当代直面戏剧的剧作选本，精选了4位剧作家的6部著名剧作', '人民文学出版社', '2010-03-15 22:44:50', 22.00, 22, 'C06', 0, 0, 0, 0, '0', '2016-09-05 22:44:50');
INSERT INTO `book_house` VALUES ('424', '戏剧颂', '/images/book4/戏剧颂.jpg', '阿兰', '14000000', '14040000', '14040000', '14040000', '《戏剧颂》是阿兰·巴迪欧和尼古拉·张于2012年在阿维尼翁戏剧节的一次公开对话。对话围绕“哲学戏剧”，戏剧与哲学，戏剧与舞蹈、音乐的关系等问题展开，而这场对话本身也不乏戏剧性。', '人民文学出版社', '2010-03-15 22:44:50', 22.00, 22, 'C06', 0, 0, 0, 0, '0', '2016-09-05 22:44:50');
INSERT INTO `book_house` VALUES ('425', '论戏剧性', '/images/book4/论戏剧性.jpg', '谭霈生', '14000000', '14040000', '14040000', '14040000', '《论戏剧性》内容简介：为什么一些戏剧作品引人入胜，一些作品却乏善可陈？什么才是戏剧性？作者围绕“戏剧性”这个审美概念，从美学的角度阐释戏剧艺术自身的规律，从戏剧艺术的手段入手，', '人民文学出版社', '2010-03-15 22:44:50', 22.00, 22, 'C01', 0, 0, 0, 0, '0', '2016-09-05 22:44:50');
INSERT INTO `book_house` VALUES ('426', '白鹿原', '/images/book4/白鹿原.jpg', '陈忠实', '14000000', '14010000', '14010000', '14010000', '在从清末民初到建国之初的半个世纪里，一阵阵狂风掠过了白鹿原上空，而每一次的变动都震荡着它的内在结构', '人民文学出版社', '2010-03-15 22:44:50', 22.00, 22, 'C01', 0, 0, 0, 0, '0', '2016-09-05 22:44:50');
INSERT INTO `book_house` VALUES ('427', '马可瓦尔多', '/images/book4/马可瓦尔多.jpg', '马小漠', '14000000', '14010000', '14010000', '14010000', '一年四季轮回 一季一个故事 在沟渠里仰望星星 一个小工眼中城市的奇趣与窃喜 马可瓦尔多是位城市小工', '人民文学出版社', '2010-03-15 22:44:50', 22.00, 22, 'C01', 0, 0, 0, 0, '0', '2016-09-05 22:44:50');
INSERT INTO `book_house` VALUES ('428', '四世同堂', '/images/book4/四世同堂.jpg', '老舍', '14000000', '14010000', '14010000', '14010000', '值得每一代中国人阅读的文学经典，值得每一个中国人珍藏的民族记忆。', '人民文学出版社', '2010-03-15 22:44:50', 22.00, 22, 'C01', 0, 0, 0, 0, '0', '2016-09-05 22:44:50');
INSERT INTO `book_house` VALUES ('429', '山茶文具店', '/images/book4/山茶文具店.jpg', '王蕴洁', '14000000', '14010000', '14010000', '14010000', '日本全国700多家书店店员投票选出的最想卖的书！ 2016、2017连续两年获日本“书店大奖”重推！', '人民文学出版社', '2010-03-15 22:44:50', 22.00, 22, 'C01', 0, 0, 0, 0, '0', '2016-09-05 22:44:50');
INSERT INTO `book_house` VALUES ('430', '挪威的森林', '/images/book4/挪威的森林.jpg', '林少华', '14000000', '14010000', '14010000', '14010000', '这是一部动人心弦的、平缓舒雅的、略带感伤的恋爱小说。小说主人公渡边以第一人称展开他同两个女孩间的爱情纠葛。', '人民文学出版社', '2010-03-15 22:44:50', 22.00, 22, 'C01', 0, 0, 0, 0, '0', '2016-09-05 22:44:50');
INSERT INTO `book_house` VALUES ('431', '回归故里', '/images/book4/回归故里.jpg', '王献', '14000000', '14010000', '14010000', '14010000', '“我们来到这个世界时，命运是否早已被宣判？” .', '人民文学出版社', '2010-03-15 22:44:50', 22.00, 22, 'C01', 0, 0, 0, 0, '0', '2016-09-05 22:44:50');
INSERT INTO `book_house` VALUES ('432', '城南旧事', '/images/book4/城南旧事.jpg', '关维兴', '14000000', '14010000', '14010000', '14010000', '多少年来，《城南旧事》感动了一代又一代的读者，除了再版无数次的小说版外', '人民文学出版社', '2010-03-15 22:44:50', 22.00, 22, 'C01', 0, 0, 0, 0, '0', '2016-09-05 22:44:50');
INSERT INTO `book_house` VALUES ('433', '正常人', '/images/book4/正常人.jpg', '钟娜', '14000000', '14010000', '14010000', '14010000', ' 风靡全球的电视剧 Normal People 原著 ★ 九零后爱尔兰女作家，英国图书奖、科斯塔图书奖有史以来最年轻的获奖者萨莉', '人民文学出版社', '2010-03-15 22:44:50', 22.00, 22, 'C01', 0, 0, 0, 0, '0', '2016-09-05 22:44:50');
INSERT INTO `book_house` VALUES ('501', '基于核心素养背景的地理实践力培养', '/images/book5/', '贺灿煌', '15000000', '15010000', '15010000', '15010000', '近年来,随着新课程改革的实施,核心素养一词已成为我国教育界的新热点', '清华大学出版社', '2010-03-15 22:44:50', 22.00, 22, 'C01', 0, 0, 0, 0, '0', '2016-09-05 22:44:50');
INSERT INTO `book_house` VALUES ('502', '借助思维导图提高学困生的地理学习能力', '/images/book5/', '张子眉 ', '15000000', '15010000', '15010000', '15010000', '本文通过研究思维导图在地理教学当中的实际应用,提高教师教与学生学的效率。', '清华大学出版社', '2010-03-15 22:44:50', 22.00, 22, 'C01', 0, 0, 0, 0, '0', '2016-09-05 22:44:50');
INSERT INTO `book_house` VALUES ('503', '基于电商平台的用户推荐算法研究', '/images/book5/', '卞岚 ', '15000000', '15020000', '15020000', '15020000', '基于电商平台的用户推荐算法研究。', '南京邮电大学出版社', '2010-03-15 22:44:50', 22.00, 22, 'C01', 0, 0, 0, 0, '0', '2016-09-05 22:44:50');
INSERT INTO `book_house` VALUES ('504', '	基于微信小程序的智能推荐点餐系统的设计与实现', '/images/book5/', '李昊 ', '15000000', '15020000', '15020000', '15020000', '基于微信小程序的智能推荐点餐系统的设计与实现。', '南京邮电大学出版社', '2010-03-15 22:44:50', 22.00, 22, 'C01', 0, 0, 0, 0, '0', '2016-09-05 22:44:50');
INSERT INTO `book_house` VALUES ('505', '	基于微信小程序的美食推荐系统', '/images/book5/', '李晶 ', '15000000', '15020000', '15020000', '15020000', '基于微信小程序的美食推荐系统。', '兰州大学出版社', '2010-03-15 22:44:50', 22.00, 22, 'C01', 0, 0, 0, 0, '0', '2016-09-05 22:44:50');
INSERT INTO `book_house` VALUES ('506', '	基于会话序列的推荐算法研究', '/images/book5/', '郭栋 ', '15000000', '15020000', '15020000', '15020000', '基于会话序列的推荐算法研究。', '北京建筑大学出版社', '2010-03-15 22:44:50', 22.00, 22, 'C01', 0, 0, 0, 0, '0', '2016-09-05 22:44:50');
INSERT INTO `book_house` VALUES ('507', '	融合多特征信息的推荐算法研究', '/images/book5/', '李茹 ', '15000000', '15020000', '15020000', '15020000', '融合多特征信息的推荐算法研究。', '西安科技大学出版社', '2010-03-15 22:44:50', 22.00, 22, 'C01', 0, 0, 0, 0, '0', '2016-09-05 22:44:50');
INSERT INTO `book_house` VALUES ('508', '	如何培养学生的地理实践力', '/images/book5/', '陈韵竹', '15000000', '15030000', '15030000', '15030000', '在我国新一轮的高中地理课程改革中，为落实立德树人的根本任务', '西安科技大学出版社', '2010-03-15 22:44:50', 22.00, 22, 'C01', 0, 0, 0, 0, '0', '2016-09-05 22:44:50');
INSERT INTO `book_house` VALUES ('509', '	浅谈在地理教学中预习与反思的研究', '/images/book5/', '马一鸣', '15000000', '15030000', '15030000', '15030000', '地理是一门综合性很强的学科，内容涉及到数学、物理学、化学、生物学和天文学等学科，综合性、实践性、时代性很强', '西安科技大学出版社', '2010-03-15 22:44:50', 22.00, 22, 'C01', 0, 0, 0, 0, '0', '2016-09-05 22:44:50');
INSERT INTO `book_house` VALUES ('510', '思维导图在美术课堂教学中理论与实践研究', '/images/book5/', '赵楠', '15000000', '15040000', '15040000', '15040000', '思维导图是一种发散性思维可视化工具,具有科学和艺术的双重特性。', '清华大学出版社', '2010-03-15 22:44:50', 22.00, 22, 'C01', 0, 0, 0, 0, '0', '2016-09-05 22:44:50');
INSERT INTO `book_house` VALUES ('601', '中国少年儿童', '/images/book6/中国少年儿童百科全书.jpg', '王德胜', '16000000', '16000000', '16010000', '16010000', '《自然环境》卷包括宇宙的演化，大地的变迁，生物的进化，动植物形态，人体构造等广泛领域，把大自然的一切，大到宇宙洪荒，小到微生物界', '人民教育出版社', '2010-03-15 22:44:50', 22.00, 22, 'C01', 0, 0, 0, 0, '0', '2016-09-05 22:44:50');
INSERT INTO `book_house` VALUES ('602', '西方大观念', '/images/book6/西方大观念.jpg', '陈嘉映', '16000000', '16000000', '16010000', '16010000', '《西方世界的伟大著作》是大英百科全书出版社编辑的一套丛书，60卷，选取了西方哲学、文学、心理学等人文社会科学及一些自然科学的煌煌巨著', '人民教育出版社', '2010-03-15 22:44:50', 22.00, 22, 'C01', 0, 0, 0, 0, '0', '2016-09-05 22:44:50');
INSERT INTO `book_house` VALUES ('603', '哈利.波特', '/images/book6/哈利.jpg', '新星', '16000000', '16000000', '16010000', '16010000', '《哈利·波特百科全书》将为你解开所有谜团……', '人民教育出版社', '2010-03-15 22:44:50', 22.00, 22, 'C01', 0, 0, 0, 0, '0', '2016-09-05 22:44:50');
INSERT INTO `book_house` VALUES ('604', '大宇宙', '/images/book6/大宇宙百科全书.jpg', '黄磷', '16000000', '16000000', '16010000', '16010000', '大宇宙百科全书》并非无所不包的天文学大全，但对物质宇宙中的种类天体', '人民教育出版社', '2010-03-15 22:44:50', 22.00, 22, 'C01', 0, 0, 0, 0, '0', '2016-09-05 22:44:50');
INSERT INTO `book_house` VALUES ('605', '痴愚', '/images/book6/痴愚百科全书.jpg', '王圆圆', '16000000', '16000000', '16010000', '16010000', '马蒂斯·范博克赛尔认为，世上无人能够聪明到理解自己的痴愚。', '人民教育出版社', '2010-03-15 22:44:50', 22.00, 22, 'C01', 0, 0, 0, 0, '0', '2016-09-05 22:44:50');
INSERT INTO `book_house` VALUES ('606', '死亡', '/images/book6/死亡百科全书.jpg', '周淑丽', '16000000', '16000000', '16010000', '16010000', '我需要一些证明，在我绝望的时候，证明父亲的生命并非徒劳与虚空，证明终究还有人在记录每一个生命', '人民教育出版社', '2010-03-15 22:44:50', 22.00, 22, 'C01', 0, 0, 0, 0, '0', '2016-09-05 22:44:50');
INSERT INTO `book_house` VALUES ('607', '新媒体', '/images/book6/新媒体百科全书.jpg', '琼斯', '16000000', '16000000', '16010000', '16010000', '《新媒体百科全书》以词条的形式就新媒体相关的概念、人物、著作、最新进展、研究成果进行了简明而精当的专业解读', '人民教育出版社', '2010-03-15 22:44:50', 22.00, 22, 'C01', 0, 0, 0, 0, '0', '2016-09-05 22:44:50');
INSERT INTO `book_house` VALUES ('608', '启蒙运动', '/images/book6/启蒙运动百科全书.jpg', '朱勒', '16000000', '16000000', '16010000', '16010000', '17世纪晚期到18世纪的启蒙运动无疑是西方思想史上最活跃的时期之一。', '人民教育出版社', '2010-03-15 22:44:50', 22.00, 22, 'C01', 0, 0, 0, 0, '0', '2016-09-05 22:44:50');
INSERT INTO `book_house` VALUES ('609', '非正常人类', '/images/book6/非正常人类百科全书.jpg', '刘易', '16000000', '16000000', '16010000', '16010000', '19世纪，德国美因茨。有一家理性图书馆。图书馆主人的妻子不明白自己为什么每周二都会与一个不知名男子发生关系', '人民教育出版社', '2010-03-15 22:44:50', 22.00, 22, 'C01', 0, 0, 0, 0, '0', '2016-09-05 22:44:50');
INSERT INTO `book_house` VALUES ('610', '黑手党', '/images/book6/黑手党百科全书.jpg', '文汇', '16000000', '16000000', '16010000', '16010000', '为帝王作传、为王朝作传、为明星作传……这些都已司空见惯，历史其实就是发生在每个人身上的故事的总和。', '人民教育出版社', '2010-03-15 22:44:50', 22.00, 22, 'C01', 0, 0, 0, 0, '0', '2016-09-05 22:44:50');

-- ----------------------------
-- Table structure for book_type_refer
-- ----------------------------
DROP TABLE IF EXISTS `book_type_refer`;
CREATE TABLE `book_type_refer`  (
  `book_type_code` varchar(255) CHARACTER SET utf8 COLLATE utf8_bin NOT NULL COMMENT '图书类型标识',
  `book_type_des` varchar(255) CHARACTER SET utf8 COLLATE utf8_bin NOT NULL COMMENT '类型描述',
  `parent_code` varchar(255) CHARACTER SET utf8 COLLATE utf8_bin NULL DEFAULT NULL COMMENT '父级类型标识',
  `b_create_time` datetime(0) NULL DEFAULT NULL COMMENT '创建时间',
  PRIMARY KEY (`book_type_code`) USING BTREE
) ENGINE = InnoDB CHARACTER SET = utf8 COLLATE = utf8_bin ROW_FORMAT = Dynamic;

-- ----------------------------
-- Records of book_type_refer
-- ----------------------------
INSERT INTO `book_type_refer` VALUES ('11000000', '专业书', NULL, '2021-04-14 20:56:11');
INSERT INTO `book_type_refer` VALUES ('11010000', '哲学类', '11000000', '2021-04-14 21:01:07');
INSERT INTO `book_type_refer` VALUES ('11020000', '经济学', '11000000', '2021-04-14 21:02:47');
INSERT INTO `book_type_refer` VALUES ('11030000', '法学', '11000000', '2021-04-14 21:02:47');
INSERT INTO `book_type_refer` VALUES ('11040000', '教育学', '11000000', '2021-04-14 21:02:47');
INSERT INTO `book_type_refer` VALUES ('11050000', '文学', '11000000', '2021-04-14 21:02:47');
INSERT INTO `book_type_refer` VALUES ('11060000', '历史学', '11000000', '2021-04-14 21:02:47');
INSERT INTO `book_type_refer` VALUES ('11070000', '理学', '11000000', '2021-04-14 21:02:47');
INSERT INTO `book_type_refer` VALUES ('11080000', '工学', '11000000', '2021-04-14 21:02:47');
INSERT INTO `book_type_refer` VALUES ('11080100', '力学类', '11080000', '2021-04-14 22:01:28');
INSERT INTO `book_type_refer` VALUES ('11080200', '机械类', '11080000', '2021-04-14 22:03:01');
INSERT INTO `book_type_refer` VALUES ('11080300', '仪器类', '11080000', '2021-04-14 22:03:01');
INSERT INTO `book_type_refer` VALUES ('11080400', '材料类', '11080000', '2021-04-14 22:03:01');
INSERT INTO `book_type_refer` VALUES ('11080500', '能源动力类', '11080000', '2021-04-14 22:03:01');
INSERT INTO `book_type_refer` VALUES ('11080600', '电气类', '11080000', '2021-04-14 22:03:01');
INSERT INTO `book_type_refer` VALUES ('11080700', '电子信息类', '11080000', '2021-04-14 22:03:01');
INSERT INTO `book_type_refer` VALUES ('11080800', '自动化类', '11080000', '2021-04-14 22:03:01');
INSERT INTO `book_type_refer` VALUES ('11080900', '计算机类', '11080000', '2021-04-14 22:03:01');
INSERT INTO `book_type_refer` VALUES ('11080901', '计算机科学与技术', '11080900', '2021-04-14 22:13:34');
INSERT INTO `book_type_refer` VALUES ('11080902', '软件工程', '11080900', '2021-04-14 22:13:34');
INSERT INTO `book_type_refer` VALUES ('11080903', '网络工程', '11080900', '2021-04-14 22:13:34');
INSERT INTO `book_type_refer` VALUES ('11080904', '信息安全', '11080900', '2021-04-14 22:13:34');
INSERT INTO `book_type_refer` VALUES ('11080905', '物联网工程', '11080900', '2021-04-14 22:13:34');
INSERT INTO `book_type_refer` VALUES ('11080906', '数字媒体技术', '11080900', '2021-04-14 22:13:34');
INSERT INTO `book_type_refer` VALUES ('11080907', '智能科学与技术', '11080900', '2021-04-14 22:13:34');
INSERT INTO `book_type_refer` VALUES ('11080908', '电子与计算机工程', '11080900', '2021-04-14 22:13:34');
INSERT INTO `book_type_refer` VALUES ('11080909', '数据科学与大数据技术', '11080900', '2021-04-14 22:13:34');
INSERT INTO `book_type_refer` VALUES ('11080910', '网络空间安全', '11080900', '2021-04-14 22:13:34');
INSERT INTO `book_type_refer` VALUES ('11080911', '新媒体技术', '11080900', '2021-04-14 22:13:34');
INSERT INTO `book_type_refer` VALUES ('11080912', '电影制作', '11080900', '2021-04-14 22:13:34');
INSERT INTO `book_type_refer` VALUES ('11080913', '保密技术', '11080900', '2021-04-14 22:13:34');
INSERT INTO `book_type_refer` VALUES ('11080914', '服务科学与工程', '11080900', '2021-04-14 22:13:34');
INSERT INTO `book_type_refer` VALUES ('11080915', '虚拟现实技术', '11080900', '2021-04-14 22:13:34');
INSERT INTO `book_type_refer` VALUES ('11080916', '区块链工程', '11080900', '2021-04-14 22:13:34');
INSERT INTO `book_type_refer` VALUES ('11080917', '密码科学与技术', '11080900', '2021-04-14 22:13:34');
INSERT INTO `book_type_refer` VALUES ('11080918', '空间信息与数字技术', '11080900', '2021-04-14 22:13:34');
INSERT INTO `book_type_refer` VALUES ('11081000', '土木类', '11080000', '2021-04-14 22:03:01');
INSERT INTO `book_type_refer` VALUES ('11081100', '水利类', '11080000', '2021-04-14 22:03:01');
INSERT INTO `book_type_refer` VALUES ('11081200', '测绘类', '11080000', '2021-04-14 22:03:01');
INSERT INTO `book_type_refer` VALUES ('11081300', '化工与制药类', '11080000', '2021-04-14 22:03:01');
INSERT INTO `book_type_refer` VALUES ('11081400', '地质类', '11080000', '2021-04-14 22:03:01');
INSERT INTO `book_type_refer` VALUES ('11081500', '矿业类', '11080000', '2021-04-14 22:03:01');
INSERT INTO `book_type_refer` VALUES ('11081600', '纺织类', '11080000', '2021-04-14 22:03:01');
INSERT INTO `book_type_refer` VALUES ('11081700', '轻工类', '11080000', '2021-04-14 22:03:01');
INSERT INTO `book_type_refer` VALUES ('11081800', '交通运输类', '11080000', '2021-04-14 22:03:01');
INSERT INTO `book_type_refer` VALUES ('11081900', '海洋工程类', '11080000', '2021-04-14 22:03:01');
INSERT INTO `book_type_refer` VALUES ('11082000', '航空航天类', '11080000', '2021-04-14 22:03:01');
INSERT INTO `book_type_refer` VALUES ('11082100', '兵器类', '11080000', '2021-04-14 22:03:01');
INSERT INTO `book_type_refer` VALUES ('11082200', '核工程类', '11080000', '2021-04-14 22:03:01');
INSERT INTO `book_type_refer` VALUES ('11082300', '农业工程类', '11080000', '2021-04-14 22:03:01');
INSERT INTO `book_type_refer` VALUES ('11082400', '林业工程类', '11080000', '2021-04-14 22:03:01');
INSERT INTO `book_type_refer` VALUES ('11082500', '环境科学与工程类', '11080000', '2021-04-14 22:03:01');
INSERT INTO `book_type_refer` VALUES ('11082600', '生物医学工程类', '11080000', '2021-04-14 22:03:01');
INSERT INTO `book_type_refer` VALUES ('11082700', '食品科学与工程类', '11080000', '2021-04-14 22:03:01');
INSERT INTO `book_type_refer` VALUES ('11082800', '建筑类', '11080000', '2021-04-14 22:03:01');
INSERT INTO `book_type_refer` VALUES ('11082900', '安全科学与工程类', '11080000', '2021-04-14 22:03:01');
INSERT INTO `book_type_refer` VALUES ('11083000', '生物工程类', '11080000', '2021-04-14 22:03:01');
INSERT INTO `book_type_refer` VALUES ('11083100', '公安技术类', '11080000', '2021-04-14 22:03:01');
INSERT INTO `book_type_refer` VALUES ('11090000', '农学', '11000000', '2021-04-14 21:02:47');
INSERT INTO `book_type_refer` VALUES ('11100000', '医学', '11000000', '2021-04-14 21:02:47');
INSERT INTO `book_type_refer` VALUES ('11110000', '管理学', '11000000', '2021-04-14 21:02:47');
INSERT INTO `book_type_refer` VALUES ('11120000', '艺术学', '11000000', '2021-04-14 21:02:47');
INSERT INTO `book_type_refer` VALUES ('12000000', '工具书', NULL, '2021-04-14 20:56:35');
INSERT INTO `book_type_refer` VALUES ('12010000', '类书', '12000000', '2021-04-14 21:19:30');
INSERT INTO `book_type_refer` VALUES ('12020000', '政书', '12000000', '2021-04-14 21:19:30');
INSERT INTO `book_type_refer` VALUES ('12030000', '年鉴', '12000000', '2021-04-14 21:19:30');
INSERT INTO `book_type_refer` VALUES ('12040000', '手册', '12000000', '2021-04-14 21:19:30');
INSERT INTO `book_type_refer` VALUES ('12050000', '书目', '12000000', '2021-04-14 21:19:30');
INSERT INTO `book_type_refer` VALUES ('13000000', '儿童读物', NULL, '2021-04-14 20:57:04');
INSERT INTO `book_type_refer` VALUES ('13010000', '漫画', '13000000', '2021-04-14 21:22:41');
INSERT INTO `book_type_refer` VALUES ('13020000', '童话', '13000000', '2021-04-14 21:22:41');
INSERT INTO `book_type_refer` VALUES ('13030000', '绘本', '13000000', '2021-04-14 21:22:41');
INSERT INTO `book_type_refer` VALUES ('14000000', '文学作品', NULL, '2021-04-14 20:58:44');
INSERT INTO `book_type_refer` VALUES ('14010000', '小说', '14000000', '2021-04-14 21:25:42');
INSERT INTO `book_type_refer` VALUES ('14020000', '诗歌', '14000000', '2021-04-14 21:25:42');
INSERT INTO `book_type_refer` VALUES ('14030000', '散文', '14000000', '2021-04-14 21:25:42');
INSERT INTO `book_type_refer` VALUES ('14040000', '戏剧', '14000000', '2021-04-14 21:25:42');
INSERT INTO `book_type_refer` VALUES ('15000000', '文献资料', NULL, '2021-04-14 20:59:22');
INSERT INTO `book_type_refer` VALUES ('15010000', '期刊', '15000000', '2021-04-14 21:29:34');
INSERT INTO `book_type_refer` VALUES ('15020000', '论文', '15000000', '2021-04-14 21:29:34');
INSERT INTO `book_type_refer` VALUES ('15030000', '报纸', '15000000', '2021-04-14 21:29:34');
INSERT INTO `book_type_refer` VALUES ('15040000', '报告', '15000000', '2021-04-14 21:29:34');
INSERT INTO `book_type_refer` VALUES ('16000000', '综合类图书', NULL, '2021-04-14 21:00:03');
INSERT INTO `book_type_refer` VALUES ('16010000', '百科全书', '16000000', '2021-04-14 21:36:48');

-- ----------------------------
-- Table structure for browse_record
-- ----------------------------
DROP TABLE IF EXISTS `browse_record`;
CREATE TABLE `browse_record`  (
  `id` bigint(20) NOT NULL AUTO_INCREMENT COMMENT '自增id',
  `user_id` varchar(20) CHARACTER SET utf8 COLLATE utf8_bin NOT NULL COMMENT '用户id',
  `book_id` varchar(50) CHARACTER SET utf8 COLLATE utf8_bin NOT NULL COMMENT '书号',
  `book_name` varchar(60) CHARACTER SET utf8 COLLATE utf8_bin NOT NULL COMMENT '书名',
  `book_author` varchar(100) CHARACTER SET utf8 COLLATE utf8_bin NOT NULL COMMENT '作者',
  `book_type` varchar(255) CHARACTER SET utf8 COLLATE utf8_bin NOT NULL COMMENT '类型',
  `create_time` datetime(0) NOT NULL COMMENT '创建时间',
  `browse_num` bigint(255) NOT NULL COMMENT '浏览次数',
  PRIMARY KEY (`id`) USING BTREE
) ENGINE = InnoDB AUTO_INCREMENT = 41 CHARACTER SET = utf8 COLLATE = utf8_bin ROW_FORMAT = Dynamic;

-- ----------------------------
-- Records of browse_record
-- ----------------------------
INSERT INTO `browse_record` VALUES (42, '20175894', '101', '挑战程序设计竞赛', '秋叶拓哉', '11080902', '2021-05-09 10:22:53', 1);

-- ----------------------------
-- Table structure for collect_record
-- ----------------------------
DROP TABLE IF EXISTS `collect_record`;
CREATE TABLE `collect_record`  (
  `id` bigint(20) NOT NULL AUTO_INCREMENT COMMENT '自增id',
  `user_id` varchar(20) CHARACTER SET utf8 COLLATE utf8_bin NOT NULL COMMENT '用户id',
  `book_id` varchar(50) CHARACTER SET utf8 COLLATE utf8_bin NOT NULL COMMENT '书号',
  `book_name` varchar(60) CHARACTER SET utf8 COLLATE utf8_bin NOT NULL COMMENT '书名',
  `book_author` varchar(100) CHARACTER SET utf8 COLLATE utf8_bin NOT NULL COMMENT '作者',
  `book_type` varchar(255) CHARACTER SET utf8 COLLATE utf8_bin NOT NULL COMMENT '类型',
  `create_time` datetime(0) NOT NULL COMMENT '创建时间 ',
  PRIMARY KEY (`id`) USING BTREE
) ENGINE = InnoDB AUTO_INCREMENT = 23 CHARACTER SET = utf8 COLLATE = utf8_bin ROW_FORMAT = Dynamic;

-- ----------------------------
-- Table structure for comment_record
-- ----------------------------
DROP TABLE IF EXISTS `comment_record`;
CREATE TABLE `comment_record`  (
  `id` bigint(20) NOT NULL AUTO_INCREMENT COMMENT '自增id',
  `user_id` varchar(20) CHARACTER SET utf8 COLLATE utf8_bin NOT NULL COMMENT '用户id',
  `book_id` varchar(50) CHARACTER SET utf8 COLLATE utf8_bin NOT NULL COMMENT '书号',
  `book_name` varchar(60) CHARACTER SET utf8 COLLATE utf8_bin NOT NULL COMMENT '书名',
  `book_author` varchar(100) CHARACTER SET utf8 COLLATE utf8_bin NOT NULL COMMENT '作者',
  `book_type` varchar(255) CHARACTER SET utf8 COLLATE utf8_bin NOT NULL COMMENT '类型',
  `content` varchar(255) CHARACTER SET utf8 COLLATE utf8_bin NOT NULL COMMENT '内容',
  `create_time` datetime(0) NOT NULL COMMENT '创建时间',
  PRIMARY KEY (`id`) USING BTREE
) ENGINE = InnoDB AUTO_INCREMENT = 6 CHARACTER SET = utf8 COLLATE = utf8_bin ROW_FORMAT = Dynamic;

-- ----------------------------
-- Records of comment_record
-- ----------------------------
INSERT INTO `comment_record` VALUES (2, '20175892', '101', 'hhh ', 'hhh', '11000000', '而非那就危急万分\n', '2021-04-28 08:58:40');
INSERT INTO `comment_record` VALUES (3, '20175893', 'book-d40bb077-58e7-4b7e-acfb-4348d00d7cii', 'hhh ', 'hhh', '11000000', '这书真垃圾', '2021-04-17 13:12:48');
INSERT INTO `comment_record` VALUES (4, '20175894', 'book-d40bb077-58e7-4b7e-acfb-4348d00d7cii', 'hhh ', 'hhh', '11000000', '这书真垃圾', '2021-04-17 13:12:48');

-- ----------------------------
-- Table structure for country_refer
-- ----------------------------
DROP TABLE IF EXISTS `country_refer`;
CREATE TABLE `country_refer`  (
  `country_code` varchar(255) CHARACTER SET utf8 COLLATE utf8_bin NOT NULL,
  `country_des` varchar(255) CHARACTER SET utf8 COLLATE utf8_bin NOT NULL,
  `c_create_time` datetime(0) NULL DEFAULT NULL
) ENGINE = InnoDB CHARACTER SET = utf8 COLLATE = utf8_bin ROW_FORMAT = Dynamic;

-- ----------------------------
-- Records of country_refer
-- ----------------------------
INSERT INTO `country_refer` VALUES ('C01', '中国', '2021-04-05 16:05:30');
INSERT INTO `country_refer` VALUES ('C02', '美国', '2021-04-05 16:05:51');
INSERT INTO `country_refer` VALUES ('C03', '日本', '2021-04-05 16:06:06');
INSERT INTO `country_refer` VALUES ('C04', '韩国', '2021-04-05 16:06:21');
INSERT INTO `country_refer` VALUES ('C05', '俄罗斯', '2021-04-05 16:06:31');
INSERT INTO `country_refer` VALUES ('C06', '英国', '2021-05-08 17:58:29');

-- ----------------------------
-- Table structure for mail_log
-- ----------------------------
DROP TABLE IF EXISTS `mail_log`;
CREATE TABLE `mail_log`  (
  `id` bigint(255) NOT NULL AUTO_INCREMENT COMMENT '自增id',
  `sender_id` varchar(255) CHARACTER SET utf8 COLLATE utf8_bin NOT NULL COMMENT '发送者账号',
  `sender_name` varchar(255) CHARACTER SET utf8 COLLATE utf8_bin NOT NULL COMMENT '发送者姓名',
  `sender_mail` varchar(255) CHARACTER SET utf8 COLLATE utf8_bin NOT NULL COMMENT '发送者邮箱',
  `receiver_id` varchar(255) CHARACTER SET utf8 COLLATE utf8_bin NOT NULL COMMENT '接收者账号',
  `receiver_name` varchar(255) CHARACTER SET utf8 COLLATE utf8_bin NOT NULL COMMENT '接收者姓名',
  `receiver_mail` varchar(255) CHARACTER SET utf8 COLLATE utf8_bin NOT NULL COMMENT '接收者邮箱',
  `subject` varchar(255) CHARACTER SET utf8 COLLATE utf8_bin NOT NULL COMMENT '主题',
  `content` varchar(255) CHARACTER SET utf8 COLLATE utf8_bin NULL DEFAULT NULL COMMENT '文本',
  `filepath` varchar(255) CHARACTER SET utf8 COLLATE utf8_bin NULL DEFAULT NULL COMMENT '附件路径',
  `status` int(255) NOT NULL COMMENT '状态',
  `create_time` datetime(0) NOT NULL COMMENT '创建时间',
  PRIMARY KEY (`id`) USING BTREE
) ENGINE = InnoDB AUTO_INCREMENT = 39 CHARACTER SET = utf8 COLLATE = utf8_bin ROW_FORMAT = Dynamic;

-- ----------------------------
-- Table structure for menu
-- ----------------------------
DROP TABLE IF EXISTS `menu`;
CREATE TABLE `menu`  (
  `id` int(50) NOT NULL COMMENT '菜单id',
  `pid` int(50) NOT NULL COMMENT '父级id',
  `title` varchar(50) CHARACTER SET utf8 COLLATE utf8_bin NULL DEFAULT NULL COMMENT '标题',
  `icon` varchar(50) CHARACTER SET utf8 COLLATE utf8_bin NULL DEFAULT NULL COMMENT '图标',
  `href` varchar(50) CHARACTER SET utf8 COLLATE utf8_bin NULL DEFAULT NULL COMMENT '路径',
  `target` varchar(50) CHARACTER SET utf8 COLLATE utf8_bin NULL DEFAULT NULL COMMENT '目标',
  `isChild` int(11) NULL DEFAULT NULL COMMENT '是否有孩子',
  `update_time` datetime(0) NULL DEFAULT NULL COMMENT '更新时间',
  `create_time` datetime(0) NULL DEFAULT NULL COMMENT '创建时间',
  PRIMARY KEY (`id`) USING BTREE
) ENGINE = InnoDB CHARACTER SET = utf8 COLLATE = utf8_bin ROW_FORMAT = Dynamic;

-- ----------------------------
-- Records of menu
-- ----------------------------
INSERT INTO `menu` VALUES (0, 100, '用户', 'fa fa-address-book', '_self', '_self', 0, '2021-03-30 22:45:19', '2021-03-30 22:45:49');
INSERT INTO `menu` VALUES (1, 0, '个人中心', 'fa fa-home', '', '_self', 0, '2021-03-30 22:45:21', '2021-03-30 22:45:52');
INSERT INTO `menu` VALUES (2, 1, '浏览记录', 'fa fa-history', 'personal/browse.html', '_self', 0, '2021-03-30 22:45:28', '2021-03-30 22:45:54');
INSERT INTO `menu` VALUES (3, 1, '收藏记录', 'fa fa-heart', 'personal/collect.html', '_self', 0, '2021-03-30 22:45:30', '2021-03-30 22:45:56');
INSERT INTO `menu` VALUES (4, 1, '评分记录', 'fa fa-align-center', 'personal/score.html', '_self', 0, '2021-03-30 22:45:32', '2021-03-30 22:45:59');
INSERT INTO `menu` VALUES (5, 1, '评论记录', 'fa fa-file-text', 'personal/comment.html', '_self', 0, '2021-03-30 22:45:34', '2021-03-30 22:46:03');
INSERT INTO `menu` VALUES (6, 1, '推荐记录', 'fa fa-share', 'personal/recommend.html', '_self', 0, '2021-04-02 22:31:35', '2021-04-02 22:31:38');
INSERT INTO `menu` VALUES (7, 1, '回收站', 'fa fa-trash-o', 'personal/recyclebin.html', '_self', 0, '2021-04-03 18:30:00', '2021-04-03 18:30:03');
INSERT INTO `menu` VALUES (8, 0, '上传图书', 'fa fa-folder-open', NULL, '_self', 0, '2021-04-04 15:10:59', '2021-04-04 15:11:02');
INSERT INTO `menu` VALUES (9, 8, '上传图书', 'fa fa-folder-open', 'upload/uploadBook.html', '_self', 0, '2021-04-04 15:10:59', '2021-04-04 15:11:02');
INSERT INTO `menu` VALUES (10, 0, '设置', 'fa fa-gears', '', '_self', 0, '2021-04-04 12:59:03', '2021-04-04 12:59:07');
INSERT INTO `menu` VALUES (11, 10, '用户设置', 'fa fa-gears', 'userset/userSet.html', '_self', 0, '2021-04-06 20:39:48', '2021-04-06 20:39:50');
INSERT INTO `menu` VALUES (12, 10, '主题制作', 'fa fa-thumb-tack', 'system/theme.html', '_self', 0, '2021-04-06 20:39:48', '2021-04-06 20:39:50');
INSERT INTO `menu` VALUES (13, 0, '分享', 'fa fa-share-alt', NULL, '_self', 0, '2021-04-04 20:56:54', '2021-04-04 20:56:55');
INSERT INTO `menu` VALUES (14, 13, '分享图书', 'fa fa-share-alt-square', 'mail/mail.html', '_self', 0, '2021-04-04 12:59:03', '2021-04-04 12:59:07');
INSERT INTO `menu` VALUES (15, 13, '收件箱', 'fa fa-envelope-o', 'mail/Inbox.html', '_self', 0, '2021-04-04 20:56:54', '2021-04-04 20:56:55');
INSERT INTO `menu` VALUES (16, 0, '用户数据分析', 'fa fa-area-chart', '', '_self', 0, '2021-04-04 15:10:59', '2021-04-04 15:11:02');
INSERT INTO `menu` VALUES (17, 16, '喜好分析', 'fa fa-pie-chart', 'graphy/likeGraphy.html', '_self', 0, '2021-04-04 20:37:45', '2021-04-04 20:37:46');
INSERT INTO `menu` VALUES (18, 16, '一周阅读分析', 'fa fa-line-chart', 'graphy/weekGraphy.html', '_self', 0, '2021-04-04 20:37:45', '2021-04-04 20:37:46');
INSERT INTO `menu` VALUES (19, 100, '书库', 'fa fa-leanpub', '', '_self', 0, '2021-04-04 15:10:59', '2021-04-04 15:11:02');
INSERT INTO `menu` VALUES (20, 19, '专业书', 'fa fa-leanpub', '', '_self', 0, '2021-04-04 15:10:59', '2021-04-04 15:11:02');
INSERT INTO `menu` VALUES (21, 20, '专业书', 'fa fa-leanpub', 'book/professionalBook.html', '_self', 0, '2021-04-04 15:10:59', '2021-04-04 15:11:02');
INSERT INTO `menu` VALUES (22, 19, '工具书', 'fa fa-leanpub', '', '_self', 0, '2021-04-04 15:10:59', '2021-04-04 15:11:02');
INSERT INTO `menu` VALUES (23, 22, '工具书', 'fa fa-leanpub', 'book/referenceBook.html', '_self', 0, '2021-04-04 15:10:59', '2021-04-04 15:11:02');
INSERT INTO `menu` VALUES (24, 19, '文学作品', 'fa fa-leanpub', '', '_self', 0, '2021-04-04 15:10:59', '2021-04-04 15:11:02');
INSERT INTO `menu` VALUES (25, 24, '文学作品', 'fa fa-leanpub', 'book/literatureBook.html', '_self', 0, '2021-04-04 15:10:59', '2021-04-04 15:11:02');
INSERT INTO `menu` VALUES (26, 19, '儿童读物', 'fa fa-leanpub', '', '_self', 0, '2021-04-04 15:10:59', '2021-04-04 15:11:02');
INSERT INTO `menu` VALUES (27, 26, '儿童读物', 'fa fa-leanpub', 'book/childBook.html', '_self', 0, '2021-04-04 15:10:59', '2021-04-04 15:11:02');
INSERT INTO `menu` VALUES (28, 19, '文献资料', 'fa fa-leanpub', '', '_self', 0, '2021-04-04 15:10:59', '2021-04-04 15:11:02');
INSERT INTO `menu` VALUES (29, 28, '文献资料', 'fa fa-leanpub', 'book/documentBook.html', '_self', 0, '2021-04-04 15:10:59', '2021-04-04 15:11:02');
INSERT INTO `menu` VALUES (30, 19, '综合类图书', 'fa fa-leanpub', '', '_self', 0, '2021-04-04 15:10:59', '2021-04-04 15:11:02');
INSERT INTO `menu` VALUES (31, 30, '综合类图书', 'fa fa-leanpub', 'book/complexBook.html', '_self', 0, '2021-04-04 15:10:59', '2021-04-04 15:11:02');
INSERT INTO `menu` VALUES (32, 100, '管理员', 'fa fa-gears', '', '_self', 1, '2021-04-04 12:59:03', '2021-04-04 12:59:07');
INSERT INTO `menu` VALUES (33, 32, '图书审核', 'fa fa-gavel', '', '_self', 1, '2021-04-04 12:59:03', '2021-04-04 12:59:07');
INSERT INTO `menu` VALUES (34, 33, '待审核的图书', 'fa fa-remove', 'admin/unCheckBooks.html', '_self', 1, '2021-04-04 12:59:03', '2021-04-04 12:59:07');
INSERT INTO `menu` VALUES (35, 33, '已审核的图书', 'fa fa-check', 'admin/checkBooks.html', '_self', 1, '2021-04-04 12:59:03', '2021-04-04 12:59:07');
INSERT INTO `menu` VALUES (36, 32, '系统管理', 'fa fa-users', '', '_self', 1, '2021-04-04 12:59:03', '2021-04-04 12:59:07');
INSERT INTO `menu` VALUES (37, 36, '用户管理', 'fa fa-user', 'admin/userManage.html', '_self', 1, '2021-04-04 12:59:03', '2021-04-04 12:59:07');
INSERT INTO `menu` VALUES (38, 36, '角色管理', 'fa fa-user-secret', 'admin/roleManage.html', '_self', 1, '2021-04-04 12:59:03', '2021-04-04 12:59:07');
INSERT INTO `menu` VALUES (39, 36, '权限管理', 'fa fa-user-plus', 'admin/permissionManage.html', '_self', 1, '2021-04-04 12:59:03', '2021-04-04 12:59:07');
INSERT INTO `menu` VALUES (40, 32, '菜单管理', 'fa fa-navicon', '', '_self', 1, '2021-04-04 12:59:03', '2021-04-04 12:59:07');
INSERT INTO `menu` VALUES (41, 40, '菜单管理', 'fa fa-navicon', 'admin/menu.html', '_self', 1, '2021-04-04 12:59:03', '2021-04-04 12:59:07');
INSERT INTO `menu` VALUES (42, 32, '日志管理', 'fa fa-table', '', '_self', 1, '2021-04-04 12:59:03', '2021-04-04 12:59:07');
INSERT INTO `menu` VALUES (43, 42, '监控日志管理', 'fa fa-table', 'admin/monitorLog.html', '_self', 1, '2021-04-04 12:59:03', '2021-04-04 12:59:07');

-- ----------------------------
-- Table structure for monitor_log
-- ----------------------------
DROP TABLE IF EXISTS `monitor_log`;
CREATE TABLE `monitor_log`  (
  `id` bigint(20) NOT NULL AUTO_INCREMENT COMMENT '自增id',
  `user_id` varchar(20) CHARACTER SET utf8 COLLATE utf8_bin NOT NULL COMMENT '用户id',
  `username` varchar(20) CHARACTER SET utf8 COLLATE utf8_bin NOT NULL COMMENT '用户名',
  `login_address` varchar(20) CHARACTER SET utf8 COLLATE utf8_bin NOT NULL COMMENT '登录地址',
  `login_time` datetime(0) NOT NULL COMMENT '登录时间',
  `exit_time` datetime(0) NOT NULL COMMENT '退出时间',
  `status` int(11) NOT NULL COMMENT '状态',
  `keep_time` varchar(50) CHARACTER SET utf8 COLLATE utf8_bin NOT NULL COMMENT '在线时长',
  PRIMARY KEY (`id`) USING BTREE
) ENGINE = InnoDB AUTO_INCREMENT = 83 CHARACTER SET = utf8 COLLATE = utf8_bin ROW_FORMAT = Dynamic;

-- ----------------------------
-- Records of monitor_log
-- ----------------------------
INSERT INTO `monitor_log` VALUES (68, '20175892', 'M', '黑龙江', '2021-04-08 19:40:48', '2021-04-09 20:34:42', 0, '24小时53分钟54秒');
INSERT INTO `monitor_log` VALUES (69, '20175892', 'M', '黑龙江', '2021-04-09 20:35:34', '2021-04-09 20:36:09', 0, '0小时0分钟35秒');
INSERT INTO `monitor_log` VALUES (70, '20175892', 'M', '黑龙江', '2021-04-09 20:54:19', '2021-04-11 16:56:33', 0, '44小时2分钟13秒');
INSERT INTO `monitor_log` VALUES (71, '20175892', 'M', '黑龙江', '2021-04-11 17:08:39', '2021-04-17 14:32:31', 0, '141小时23分钟52秒');
INSERT INTO `monitor_log` VALUES (72, '20175892', 'M', '黑龙江', '2021-04-17 14:36:36', '2021-04-18 20:25:32', 0, '29小时48分钟56秒');
INSERT INTO `monitor_log` VALUES (73, '20175883', '老三', '黑龙江', '2021-04-18 20:26:03', '2021-04-28 13:57:36', 0, '233小时31分钟33秒');
INSERT INTO `monitor_log` VALUES (74, '20175555', 'T', '黑龙江', '2021-04-18 20:50:51', '2021-04-18 20:51:08', 0, '0小时0分钟17秒');
INSERT INTO `monitor_log` VALUES (75, '20175892', 'M', '黑龙江', '2021-04-18 21:13:51', '2021-04-28 13:41:45', 0, '232小时27分钟54秒');
INSERT INTO `monitor_log` VALUES (76, '20175892', 'M', '黑龙江', '2021-04-28 13:57:49', '2021-05-03 14:12:57', 0, '120小时15分钟8秒');
INSERT INTO `monitor_log` VALUES (77, '88888888', 'root', '黑龙江', '2021-04-28 18:39:11', '2021-04-30 20:07:44', 0, '49小时28分钟33秒');
INSERT INTO `monitor_log` VALUES (78, '20175555', 'T', '黑龙江', '2021-04-29 12:22:18', '2021-04-29 12:22:18', 1, '0');
INSERT INTO `monitor_log` VALUES (79, '88888888', 'root', '黑龙江', '2021-04-30 20:08:22', '2021-05-08 09:04:23', 0, '180小时56分钟1秒');
INSERT INTO `monitor_log` VALUES (80, '20175892', 'M', '黑龙江', '2021-05-03 15:42:12', '2021-05-08 08:59:51', 0, '113小时17分钟39秒');
INSERT INTO `monitor_log` VALUES (81, '20175892', 'M', '黑龙江', '2021-05-08 09:04:40', '2021-05-09 09:48:18', 0, '24小时43分钟38秒');
INSERT INTO `monitor_log` VALUES (82, '88888888', 'root', '黑龙江', '2021-05-08 13:37:52', '2021-05-08 13:37:52', 1, '0');
INSERT INTO `monitor_log` VALUES (83, '20175894', '老八', '黑龙江', '2021-05-09 09:48:54', '2021-05-09 09:48:54', 1, '0');
INSERT INTO `monitor_log` VALUES (84, '20175892', 'M', '黑龙江', '2021-05-09 14:15:46', '2021-05-09 14:15:46', 1, '0');

-- ----------------------------
-- Table structure for permission
-- ----------------------------
DROP TABLE IF EXISTS `permission`;
CREATE TABLE `permission`  (
  `pid` varchar(20) CHARACTER SET utf8 COLLATE utf8_bin NOT NULL COMMENT '权限id',
  `p_name` varchar(20) CHARACTER SET utf8 COLLATE utf8_bin NOT NULL COMMENT '权限名',
  `sign` varchar(20) CHARACTER SET utf8 COLLATE utf8_bin NOT NULL COMMENT '权限标识',
  `url` varchar(20) CHARACTER SET utf8 COLLATE utf8_bin NOT NULL COMMENT '拦截url',
  `status` varchar(20) CHARACTER SET utf8 COLLATE utf8_bin NOT NULL COMMENT '状态',
  `des` varchar(20) CHARACTER SET utf8 COLLATE utf8_bin NULL DEFAULT NULL COMMENT '描述',
  `create_time` datetime(0) NULL DEFAULT NULL COMMENT '创建时间',
  `update_time` datetime(0) NULL DEFAULT NULL COMMENT '更新时间',
  PRIMARY KEY (`pid`) USING BTREE
) ENGINE = InnoDB CHARACTER SET = utf8 COLLATE = utf8_bin ROW_FORMAT = Dynamic;

-- ----------------------------
-- Records of permission
-- ----------------------------
INSERT INTO `permission` VALUES ('r1', '所有权限', 'root:root', 'sys/root', '1', '所有权限', '2021-03-29 20:33:13', '2021-03-29 20:33:15');
INSERT INTO `permission` VALUES ('u1', '注册权限', 'sys:register', '/sys/register', '1', '查询权限', '2021-03-29 20:34:29', '2021-03-29 20:34:32');

-- ----------------------------
-- Table structure for recommend_record
-- ----------------------------
DROP TABLE IF EXISTS `recommend_record`;
CREATE TABLE `recommend_record`  (
  `id` bigint(255) NOT NULL AUTO_INCREMENT COMMENT '自增id',
  `user_id` varchar(40) CHARACTER SET utf8 COLLATE utf8_bin NOT NULL COMMENT '账号',
  `book_id` varchar(255) CHARACTER SET utf8 COLLATE utf8_bin NOT NULL COMMENT '书号',
  `book_name` varchar(255) CHARACTER SET utf8 COLLATE utf8_bin NOT NULL COMMENT '书名',
  `book_author` varchar(255) CHARACTER SET utf8 COLLATE utf8_bin NOT NULL COMMENT '作者名',
  `book_type` varchar(255) CHARACTER SET utf8 COLLATE utf8_bin NOT NULL COMMENT '类型',
  `create_time` datetime(0) NULL DEFAULT NULL COMMENT '创建时间',
  PRIMARY KEY (`id`) USING BTREE
) ENGINE = InnoDB AUTO_INCREMENT = 17 CHARACTER SET = utf8 COLLATE = utf8_bin ROW_FORMAT = Dynamic;

-- ----------------------------
-- Records of recommend_record
-- ----------------------------
INSERT INTO `recommend_record` VALUES (1, '20175892', '1', '1', '222', '11000000', '2021-04-17 13:14:20');
INSERT INTO `recommend_record` VALUES (14, '20175892', 'book-434ca69e-317f-479d-91d7-cdfbd05fedda', '哈哈哈', '李老四', '11000000', '2021-04-26 13:15:51');
INSERT INTO `recommend_record` VALUES (15, '20175892', '101', 'gRPC与云原生', '卡山•因德拉西里', '11000000', '2021-04-28 21:50:18');
INSERT INTO `recommend_record` VALUES (16, '20175892', '105', '明解Java', '柴田望洋', '11080902', '2021-05-08 08:57:41');

-- ----------------------------
-- Table structure for recyclebin
-- ----------------------------
DROP TABLE IF EXISTS `recyclebin`;
CREATE TABLE `recyclebin`  (
  `id` bigint(20) NOT NULL AUTO_INCREMENT COMMENT '自增id',
  `user_id` varchar(20) CHARACTER SET utf8 COLLATE utf8_bin NOT NULL COMMENT '用户id',
  `book_id` varchar(50) CHARACTER SET utf8 COLLATE utf8_bin NOT NULL COMMENT '书号',
  `book_name` varchar(60) CHARACTER SET utf8 COLLATE utf8_bin NOT NULL COMMENT '书名',
  `book_author` varchar(100) CHARACTER SET utf8 COLLATE utf8_bin NOT NULL COMMENT '作者',
  `book_type` varchar(255) CHARACTER SET utf8 COLLATE utf8_bin NOT NULL COMMENT '类型',
  `create_time` datetime(0) NOT NULL COMMENT '删除时间 ',
  PRIMARY KEY (`id`) USING BTREE
) ENGINE = InnoDB AUTO_INCREMENT = 15 CHARACTER SET = utf8 COLLATE = utf8_bin ROW_FORMAT = Dynamic;

-- ----------------------------
-- Records of recyclebin
-- ----------------------------
INSERT INTO `recyclebin` VALUES (13, '20175892', 'book-434ca69e-317f-479d-91d7-cdfbd05fedda', '《砂锅》', '赵四', '11000000', '2021-04-11 10:59:50');
INSERT INTO `recyclebin` VALUES (14, '20175892', 'book-434ca69e-317f-479d-91d7-cdfbd05fedda', '《砂锅》', '赵四', '11000000', '2021-04-11 10:59:50');

-- ----------------------------
-- Table structure for role
-- ----------------------------
DROP TABLE IF EXISTS `role`;
CREATE TABLE `role`  (
  `role_id` varchar(20) CHARACTER SET utf8 COLLATE utf8_bin NOT NULL COMMENT '角色id',
  `role_name` varchar(20) CHARACTER SET utf8 COLLATE utf8_bin NOT NULL COMMENT '角色名',
  `des` varchar(6) CHARACTER SET utf8 COLLATE utf8_bin NULL DEFAULT NULL COMMENT '描述',
  `status` int(2) NOT NULL COMMENT '状态',
  `create_time` datetime(0) NULL DEFAULT NULL COMMENT '创建时间',
  `update_time` datetime(0) NULL DEFAULT NULL COMMENT '更新时间',
  PRIMARY KEY (`role_id`) USING BTREE
) ENGINE = InnoDB CHARACTER SET = utf8 COLLATE = utf8_bin ROW_FORMAT = Dynamic;

-- ----------------------------
-- Records of role
-- ----------------------------
INSERT INTO `role` VALUES ('root', '管理员', '所有权限', 1, '2021-03-29 20:12:13', '2021-03-29 20:12:15');
INSERT INTO `role` VALUES ('user', '用户', '部分权限', 1, '2021-03-29 20:13:19', '2021-03-29 20:13:21');

-- ----------------------------
-- Table structure for role_permission
-- ----------------------------
DROP TABLE IF EXISTS `role_permission`;
CREATE TABLE `role_permission`  (
  `id` bigint(20) NOT NULL AUTO_INCREMENT COMMENT '自增id',
  `role_id` varchar(20) CHARACTER SET utf8 COLLATE utf8_bin NOT NULL COMMENT '角色id',
  `p_id` varchar(20) CHARACTER SET utf8 COLLATE utf8_bin NOT NULL COMMENT '权限id',
  PRIMARY KEY (`id`) USING BTREE
) ENGINE = InnoDB AUTO_INCREMENT = 4 CHARACTER SET = utf8 COLLATE = utf8_bin ROW_FORMAT = Dynamic;

-- ----------------------------
-- Records of role_permission
-- ----------------------------
INSERT INTO `role_permission` VALUES (1, 'root', 'r1');
INSERT INTO `role_permission` VALUES (2, 'user', 'u1');
INSERT INTO `role_permission` VALUES (3, 'user', 'r1');

-- ----------------------------
-- Table structure for score_record
-- ----------------------------
DROP TABLE IF EXISTS `score_record`;
CREATE TABLE `score_record`  (
  `id` bigint(20) NOT NULL AUTO_INCREMENT COMMENT '自增id',
  `user_id` varchar(20) CHARACTER SET utf8 COLLATE utf8_bin NOT NULL COMMENT '用户id',
  `book_id` varchar(50) CHARACTER SET utf8 COLLATE utf8_bin NOT NULL COMMENT '书号',
  `book_name` varchar(60) CHARACTER SET utf8 COLLATE utf8_bin NOT NULL COMMENT '书名',
  `book_author` varchar(100) CHARACTER SET utf8 COLLATE utf8_bin NOT NULL COMMENT '作者',
  `book_type` varchar(255) CHARACTER SET utf8 COLLATE utf8_bin NOT NULL COMMENT '类型',
  `score` int(255) NOT NULL COMMENT '分数',
  `create_time` datetime(0) NOT NULL COMMENT '创建时间',
  PRIMARY KEY (`id`) USING BTREE
) ENGINE = InnoDB AUTO_INCREMENT = 9 CHARACTER SET = utf8 COLLATE = utf8_bin ROW_FORMAT = Dynamic;

-- ----------------------------
-- Records of score_record
-- ----------------------------
INSERT INTO `score_record` VALUES (1, '20175892', '101', 'gRPC与云原生', '卡山•因德拉西里', '11000000', 5, '2021-04-28 17:48:39');
INSERT INTO `score_record` VALUES (6, '20175883', '101', 'gRPC与云原生', '卡山•因德拉西里', '11000000', 5, '2021-04-28 13:56:11');
INSERT INTO `score_record` VALUES (7, '20175883', '103', '精通Spring', '兰加•拉奥•卡拉南', '11000000', 5, '2021-04-28 13:56:49');
INSERT INTO `score_record` VALUES (8, '20175892', '106', 'Java线程设计模式', '结城浩', '11000000', 2, '2021-04-28 15:46:54');
INSERT INTO `score_record` VALUES (9, '20175894', '101', '挑战程序设计竞赛', '秋叶拓哉', '11080902', 5, '2021-05-09 10:15:50');

-- ----------------------------
-- Table structure for theme
-- ----------------------------
DROP TABLE IF EXISTS `theme`;
CREATE TABLE `theme`  (
  `id` bigint(255) NOT NULL,
  `user_id` varchar(40) CHARACTER SET utf8 COLLATE utf8_bin NOT NULL,
  `headerRightBg` varchar(255) CHARACTER SET utf8 COLLATE utf8_general_ci NOT NULL COMMENT '头部背景色',
  `leftMenuBg` varchar(255) CHARACTER SET utf8 COLLATE utf8_bin NOT NULL COMMENT '左侧菜单背景色',
  `leftMenuBgThis` varchar(255) CHARACTER SET utf8 COLLATE utf8_bin NOT NULL COMMENT '菜单选中背景色',
  `leftMenuChildBg` varchar(255) CHARACTER SET utf8 COLLATE utf8_bin NOT NULL COMMENT '左侧子菜单背景色',
  PRIMARY KEY (`id`) USING BTREE
) ENGINE = InnoDB CHARACTER SET = utf8 COLLATE = utf8_bin ROW_FORMAT = Dynamic;

-- ----------------------------
-- Records of theme
-- ----------------------------
INSERT INTO `theme` VALUES (1, '20175892', '#cf1aaf', '#1a954f', '#e14b12', '#1dda6f');

-- ----------------------------
-- Table structure for upload_record
-- ----------------------------
DROP TABLE IF EXISTS `upload_record`;
CREATE TABLE `upload_record`  (
  `id` bigint(20) NOT NULL AUTO_INCREMENT COMMENT '自增id',
  `user_id` varchar(20) CHARACTER SET utf8 COLLATE utf8_bin NOT NULL COMMENT '用户id',
  `book_name` varchar(60) CHARACTER SET utf8 COLLATE utf8_bin NOT NULL COMMENT '书名',
  `book_author` varchar(100) CHARACTER SET utf8 COLLATE utf8_bin NOT NULL COMMENT '作者',
  `book_a_type` varchar(255) CHARACTER SET utf8 COLLATE utf8_bin NOT NULL COMMENT '类型',
  `book_b_type` varchar(255) CHARACTER SET utf8 COLLATE utf8_bin NOT NULL,
  `book_c_type` varchar(255) CHARACTER SET utf8 COLLATE utf8_bin NOT NULL,
  `book_d_type` varchar(255) CHARACTER SET utf8 COLLATE utf8_bin NOT NULL,
  `book_feature` varchar(255) CHARACTER SET utf8 COLLATE utf8_bin NOT NULL,
  `publish_unit` varchar(255) CHARACTER SET utf8 COLLATE utf8_bin NOT NULL,
  `publish_time` datetime(0) NOT NULL,
  `book_price` double(10, 2) NOT NULL,
  `book_pages` bigint(255) NOT NULL,
  `book_country` varchar(255) CHARACTER SET utf8 COLLATE utf8_bin NOT NULL,
  `trial_age` int(255) NOT NULL,
  `status` int(25) NOT NULL COMMENT '状态',
  `create_time` datetime(0) NULL DEFAULT NULL COMMENT '上传时间',
  PRIMARY KEY (`id`) USING BTREE
) ENGINE = InnoDB AUTO_INCREMENT = 27 CHARACTER SET = utf8 COLLATE = utf8_bin ROW_FORMAT = Dynamic;

-- ----------------------------
-- Records of upload_record
-- ----------------------------
INSERT INTO `upload_record` VALUES (1, '20175892', 'C++', '赵四', '16000000', '', '', '', '', '', '2021-04-28 21:36:27', 0.00, 0, '', 0, 1, '2021-04-03 18:21:49');
INSERT INTO `upload_record` VALUES (7, '20175892', '44', '44', '16000000', '', '', '', '', '', '2021-04-28 21:36:27', 0.00, 0, '', 0, 1, '2021-04-05 10:49:18');
INSERT INTO `upload_record` VALUES (8, '20175892', '1111', 'ee', '16000000', '', '', '', '', '', '2021-04-28 21:36:27', 0.00, 0, '', 0, 1, '2021-04-05 13:54:52');
INSERT INTO `upload_record` VALUES (9, '20175892', '55', '555', '16000000', '', '', '', '', '', '2021-04-28 21:36:27', 0.00, 0, '', 0, 1, '2021-04-05 14:07:59');
INSERT INTO `upload_record` VALUES (10, '20175892', '《Java程序设计》', '李莉', '16000000', '', '', '', '', '', '2021-04-28 21:36:27', 0.00, 0, '', 0, 0, '2021-04-05 15:24:22');
INSERT INTO `upload_record` VALUES (11, '20175892', '《Java程序设计》', 'Jhone', '16000000', '', '', '', '', '', '2021-04-28 21:36:27', 0.00, 0, '', 0, 0, '2021-04-05 15:40:04');
INSERT INTO `upload_record` VALUES (12, '20175892', '《Java程序设计》', 'Jhone', '16000000', '', '', '', '', '', '2021-04-28 21:36:27', 0.00, 0, '', 0, 0, '2021-04-05 15:40:11');
INSERT INTO `upload_record` VALUES (13, '20175892', '《Java程序设计》', 'Jhone', '16000000', '', '', '', '', '', '2021-04-28 21:36:27', 0.00, 0, '', 0, 0, '2021-04-05 15:43:35');
INSERT INTO `upload_record` VALUES (14, '20175892', '《Java程序设计》', 'Jhone', '16000000', '', '', '', '', '', '2021-04-28 21:36:27', 0.00, 0, '', 0, 0, '2021-04-05 15:43:40');
INSERT INTO `upload_record` VALUES (15, '20175892', '《Java程序设计》', '袁振国', '16000000', '', '', '', '', '', '2021-04-28 21:36:27', 0.00, 0, '', 0, 0, '2021-04-05 15:44:15');
INSERT INTO `upload_record` VALUES (16, '20175892', '《Java程序设计》', '李璇', '16000000', '', '', '', '', '', '2021-04-28 21:36:27', 0.00, 0, '', 0, 0, '2021-04-05 15:46:45');
INSERT INTO `upload_record` VALUES (17, '20175892', '《Java程序设计》', '王玲', '13000000', '', '', '', '', '', '2021-04-28 21:36:27', 0.00, 0, '', 0, 0, '2021-04-05 15:47:08');
INSERT INTO `upload_record` VALUES (18, '20175892', '《Java程序设计》', '陈驰', '15000000', '', '', '', '', '', '2021-04-28 21:36:27', 0.00, 0, '', 0, 0, '2021-04-05 15:54:17');
INSERT INTO `upload_record` VALUES (22, '20175892', '《Java程序设计》', '安曼', '14000000', '', '', '', '', '', '2021-04-28 21:36:27', 0.00, 0, '', 0, 0, '2021-04-11 10:35:55');
INSERT INTO `upload_record` VALUES (23, '20175892', '丰富', '丰富', '11000000', '', '', '', '', '', '2021-04-28 21:36:27', 0.00, 0, '', 0, 0, '2021-04-26 13:37:01');
INSERT INTO `upload_record` VALUES (24, '20175892', '得到', '得到', '11000000', '', '', '', '', '', '2021-04-28 21:36:27', 0.00, 0, '', 0, 0, '2021-04-26 13:41:25');
INSERT INTO `upload_record` VALUES (25, '20175892', '嗯嗯', 'uuu', '11000000', '', '', '', '', '', '2021-04-28 21:36:27', 0.00, 0, '', 0, 0, '2021-04-26 13:43:12');
INSERT INTO `upload_record` VALUES (26, '20175892', 'ee', 'ee', '11000000', '11080000', '11080900', '11080901', '33', 'ee', '2021-04-28 21:36:27', 33.00, 33, 'C01', 33, 1, '2021-04-28 20:39:04');

-- ----------------------------
-- Table structure for user
-- ----------------------------
DROP TABLE IF EXISTS `user`;
CREATE TABLE `user`  (
  `user_id` varchar(20) CHARACTER SET utf8 COLLATE utf8_bin NOT NULL COMMENT '账号',
  `username` varchar(20) CHARACTER SET utf8 COLLATE utf8_bin NOT NULL COMMENT '用户名',
  `password` varchar(6) CHARACTER SET utf8 COLLATE utf8_bin NOT NULL COMMENT '密码',
  `status` int(2) NOT NULL COMMENT '状态',
  `create_time` datetime(0) NULL DEFAULT NULL COMMENT '创建时间',
  `update_time` datetime(0) NULL DEFAULT NULL COMMENT '更新时间',
  `des` varchar(20) CHARACTER SET utf8 COLLATE utf8_bin NULL DEFAULT NULL COMMENT '描述',
  PRIMARY KEY (`user_id`) USING BTREE
) ENGINE = InnoDB CHARACTER SET = utf8 COLLATE = utf8_bin ROW_FORMAT = Dynamic;

-- ----------------------------
-- Records of user
-- ----------------------------
INSERT INTO `user` VALUES ('20175555', 'T', '123456', 1, '2021-04-18 20:50:26', '2021-04-18 20:50:26', '用户');
INSERT INTO `user` VALUES ('20175883', '老三', '123456', 1, '2021-04-01 20:48:56', '2021-04-01 20:48:56', '用户');
INSERT INTO `user` VALUES ('20175892', 'M', '123456', 1, '2021-03-29 19:28:43', '2021-03-29 19:28:45', '用户');
INSERT INTO `user` VALUES ('20175894', '老八', '234567', 1, '2021-03-31 14:07:05', '2021-03-31 14:07:05', '用户');
INSERT INTO `user` VALUES ('20178963', 'MmM', '123456', 1, '2021-04-21 21:38:16', '2021-04-21 21:38:16', '用户');
INSERT INTO `user` VALUES ('20178969', 'll', '336666', 1, '2021-04-18 22:02:20', '2021-04-18 22:02:20', '用户');
INSERT INTO `user` VALUES ('20179653', '老九九', '123456', 1, '2021-04-02 20:38:27', '2021-04-02 20:38:27', '用户');
INSERT INTO `user` VALUES ('88888888', 'root', '123456', 1, '2021-04-28 18:36:56', '2021-04-28 18:36:59', '管理员');

-- ----------------------------
-- Table structure for user_config
-- ----------------------------
DROP TABLE IF EXISTS `user_config`;
CREATE TABLE `user_config`  (
  `user_id` varchar(255) CHARACTER SET utf8 COLLATE utf8_bin NOT NULL,
  `browse_mode` varchar(255) CHARACTER SET utf8 COLLATE utf8_bin NOT NULL,
  `comment_mode` varchar(255) CHARACTER SET utf8 COLLATE utf8_bin NOT NULL,
  `mail_receive_mode` varchar(255) CHARACTER SET utf8 COLLATE utf8_bin NOT NULL,
  `search_mode` varchar(255) CHARACTER SET utf8 COLLATE utf8_bin NOT NULL,
  `PSearchMode` varchar(255) CHARACTER SET utf8 COLLATE utf8_bin NOT NULL,
  `RSearchMode` varchar(255) CHARACTER SET utf8 COLLATE utf8_bin NOT NULL,
  `CSearchMode` varchar(255) CHARACTER SET utf8 COLLATE utf8_bin NOT NULL,
  `LSearchMode` varchar(255) CHARACTER SET utf8 COLLATE utf8_bin NOT NULL,
  `DSearchMode` varchar(255) CHARACTER SET utf8 COLLATE utf8_bin NOT NULL,
  `MSearchMode` varchar(255) CHARACTER SET utf8 COLLATE utf8_bin NOT NULL,
  `sort_mode` varchar(255) CHARACTER SET utf8 COLLATE utf8_bin NOT NULL,
  `recommend_mode` varchar(255) CHARACTER SET utf8 COLLATE utf8_bin NOT NULL,
  `result_score` varchar(255) CHARACTER SET utf8 COLLATE utf8_bin NULL DEFAULT NULL,
  `create_time` datetime(0) NULL DEFAULT NULL,
  PRIMARY KEY (`user_id`) USING BTREE
) ENGINE = InnoDB CHARACTER SET = utf8 COLLATE = utf8_bin ROW_FORMAT = Dynamic;

-- ----------------------------
-- Records of user_config
-- ----------------------------
INSERT INTO `user_config` VALUES ('20175892', 'true', 'true', 'true', 'book', '1;1;1', '1;1;1', '1;1;1', '1;1;1', '1;1;1', '1;1;1', 'recommend', 'browse', '0', '2021-05-09 15:01:53');
INSERT INTO `user_config` VALUES ('20175894', 'true', 'true', 'true', 'book', '1;1;1', '1;1;1', '1;1;1', '1;1;1', '1;1;1', '1;1;1', 'score', 'browse', '0', '2021-05-09 15:01:56');

-- ----------------------------
-- Table structure for user_info
-- ----------------------------
DROP TABLE IF EXISTS `user_info`;
CREATE TABLE `user_info`  (
  `user_id` varchar(20) CHARACTER SET utf8 COLLATE utf8_bin NOT NULL COMMENT '用户id',
  `name` varchar(20) CHARACTER SET utf8 COLLATE utf8_bin NOT NULL COMMENT '姓名',
  `sex` varchar(20) CHARACTER SET utf8 COLLATE utf8_bin NOT NULL COMMENT '性别',
  `age` int(20) NOT NULL COMMENT '年龄',
  `phone` varchar(20) CHARACTER SET utf8 COLLATE utf8_bin NOT NULL COMMENT '手机号',
  `e_mail` varchar(30) CHARACTER SET utf8 COLLATE utf8_bin NOT NULL COMMENT '邮箱',
  `province` varchar(30) CHARACTER SET utf8 COLLATE utf8_bin NOT NULL COMMENT '省份',
  `city` varchar(30) CHARACTER SET utf8 COLLATE utf8_bin NOT NULL COMMENT '城市',
  `county` varchar(50) CHARACTER SET utf8 COLLATE utf8_bin NOT NULL COMMENT '地区',
  `work_a_type` varchar(30) CHARACTER SET utf8 COLLATE utf8_bin NOT NULL COMMENT '工作类型',
  `work_b_type` varchar(255) CHARACTER SET utf8 COLLATE utf8_bin NOT NULL COMMENT '工作类型',
  `work_c_type` varchar(255) CHARACTER SET utf8 COLLATE utf8_bin NOT NULL COMMENT '工作类型',
  `hobby_des` varchar(60) CHARACTER SET utf8 COLLATE utf8_bin NOT NULL COMMENT '爱好',
  PRIMARY KEY (`user_id`) USING BTREE
) ENGINE = InnoDB CHARACTER SET = utf8 COLLATE = utf8_bin ROW_FORMAT = Dynamic;

-- ----------------------------
-- Records of user_info
-- ----------------------------
INSERT INTO `user_info` VALUES ('88888888', 'root', '男', 22, '88888888', '88888888@qq.com', '黑龙江省', '哈尔滨市', '南岗区', '', '', '', '');

-- ----------------------------
-- Table structure for user_role
-- ----------------------------
DROP TABLE IF EXISTS `user_role`;
CREATE TABLE `user_role`  (
  `id` bigint(20) NOT NULL AUTO_INCREMENT COMMENT 'id',
  `user_id` varchar(20) CHARACTER SET utf8 COLLATE utf8_bin NOT NULL COMMENT '用户id',
  `role_id` varchar(20) CHARACTER SET utf8 COLLATE utf8_bin NOT NULL COMMENT '角色id',
  PRIMARY KEY (`id`) USING BTREE
) ENGINE = InnoDB AUTO_INCREMENT = 14 CHARACTER SET = utf8 COLLATE = utf8_bin ROW_FORMAT = Dynamic;

-- ----------------------------
-- Records of user_role
-- ----------------------------
INSERT INTO `user_role` VALUES (1, '20175892', 'user');
INSERT INTO `user_role` VALUES (2, '88888888', 'root');
INSERT INTO `user_role` VALUES (7, '20175894', 'user');
INSERT INTO `user_role` VALUES (8, '20175883', 'user');
INSERT INTO `user_role` VALUES (9, '20179653', 'user');
INSERT INTO `user_role` VALUES (10, '20175555', 'user');
INSERT INTO `user_role` VALUES (11, '20178969', 'user');
INSERT INTO `user_role` VALUES (12, '20178963', 'user');
INSERT INTO `user_role` VALUES (13, '20175555', 'root');

-- ----------------------------
-- Table structure for work_type_refer
-- ----------------------------
DROP TABLE IF EXISTS `work_type_refer`;
CREATE TABLE `work_type_refer`  (
  `work_code` varchar(255) CHARACTER SET utf8 COLLATE utf8_bin NOT NULL COMMENT '职业id',
  `work_des` varchar(255) CHARACTER SET utf8 COLLATE utf8_bin NOT NULL COMMENT '职业描述',
  `parent_code` varchar(255) CHARACTER SET utf8 COLLATE utf8_bin NULL DEFAULT NULL COMMENT '父级code',
  `w_create_time` datetime(0) NOT NULL COMMENT '创建时间',
  PRIMARY KEY (`work_code`) USING BTREE
) ENGINE = InnoDB CHARACTER SET = utf8 COLLATE = utf8_bin ROW_FORMAT = Dynamic;

-- ----------------------------
-- Records of work_type_refer
-- ----------------------------
INSERT INTO `work_type_refer` VALUES ('11010000', '哲学', '', '2021-04-14 21:02:47');
INSERT INTO `work_type_refer` VALUES ('11020000', '经济学', '', '2021-04-14 21:02:47');
INSERT INTO `work_type_refer` VALUES ('11030000', '法学', '', '2021-04-14 21:02:47');
INSERT INTO `work_type_refer` VALUES ('11040000', '教育学', '', '2021-04-14 21:02:47');
INSERT INTO `work_type_refer` VALUES ('11050000', '文学', '', '2021-04-14 21:02:47');
INSERT INTO `work_type_refer` VALUES ('11060000', '历史学', '', '2021-04-14 21:02:47');
INSERT INTO `work_type_refer` VALUES ('11070000', '理学', '', '2021-04-14 21:02:47');
INSERT INTO `work_type_refer` VALUES ('11080000', '工学', '', '2021-04-14 21:02:47');
INSERT INTO `work_type_refer` VALUES ('11080100', '力学类', '11080000', '2021-04-14 22:03:01');
INSERT INTO `work_type_refer` VALUES ('11080200', '机械类', '11080000', '2021-04-14 22:03:01');
INSERT INTO `work_type_refer` VALUES ('11080300', '仪器类', '11080000', '2021-04-14 22:03:01');
INSERT INTO `work_type_refer` VALUES ('11080400', '材料类', '11080000', '2021-04-14 22:03:01');
INSERT INTO `work_type_refer` VALUES ('11080500', '能源动力类', '11080000', '2021-04-14 22:03:01');
INSERT INTO `work_type_refer` VALUES ('11080600', '电气类', '11080000', '2021-04-14 22:03:01');
INSERT INTO `work_type_refer` VALUES ('11080700', '电子信息类', '11080000', '2021-04-14 22:03:01');
INSERT INTO `work_type_refer` VALUES ('11080800', '自动化类', '11080000', '2021-04-14 22:03:01');
INSERT INTO `work_type_refer` VALUES ('11080900', '计算机类', '11080000', '2021-04-14 22:03:01');
INSERT INTO `work_type_refer` VALUES ('11080901', '计算机科学与技术', '11080900', '2021-04-14 22:13:34');
INSERT INTO `work_type_refer` VALUES ('11080902', '软件工程', '11080900', '2021-04-14 22:13:34');
INSERT INTO `work_type_refer` VALUES ('11080903', '网络工程', '11080900', '2021-04-14 22:13:34');
INSERT INTO `work_type_refer` VALUES ('11080904', '信息安全', '11080900', '2021-04-14 22:13:34');
INSERT INTO `work_type_refer` VALUES ('11080905', '物联网工程', '11080900', '2021-04-14 22:13:34');
INSERT INTO `work_type_refer` VALUES ('11080906', '数字媒体技术', '11080900', '2021-04-14 22:13:34');
INSERT INTO `work_type_refer` VALUES ('11080907', '智能科学与技术', '11080900', '2021-04-14 22:13:34');
INSERT INTO `work_type_refer` VALUES ('11080908', '电子与计算机工程', '11080900', '2021-04-14 22:13:34');
INSERT INTO `work_type_refer` VALUES ('11080909', '数据科学与大数据技术', '11080900', '2021-04-14 22:13:34');
INSERT INTO `work_type_refer` VALUES ('11080910', '网络空间安全', '11080900', '2021-04-14 22:13:34');
INSERT INTO `work_type_refer` VALUES ('11080911', '新媒体技术', '11080900', '2021-04-14 22:13:34');
INSERT INTO `work_type_refer` VALUES ('11080912', '电影制作', '11080900', '2021-04-14 22:13:34');
INSERT INTO `work_type_refer` VALUES ('11080913', '保密技术', '11080900', '2021-04-14 22:13:34');
INSERT INTO `work_type_refer` VALUES ('11080914', '服务科学与工程', '11080900', '2021-04-14 22:13:34');
INSERT INTO `work_type_refer` VALUES ('11080915', '虚拟现实技术', '11080900', '2021-04-14 22:13:34');
INSERT INTO `work_type_refer` VALUES ('11080916', '区块链工程', '11080900', '2021-04-14 22:13:34');
INSERT INTO `work_type_refer` VALUES ('11080917', '密码科学与技术', '11080900', '2021-04-14 22:13:34');
INSERT INTO `work_type_refer` VALUES ('11080918', '空间信息与数字技术', '11080900', '2021-04-14 22:13:34');
INSERT INTO `work_type_refer` VALUES ('11081000', '土木类', '11080000', '2021-04-14 22:03:01');
INSERT INTO `work_type_refer` VALUES ('11081100', '水利类', '11080000', '2021-04-14 22:03:01');
INSERT INTO `work_type_refer` VALUES ('11081200', '测绘类', '11080000', '2021-04-14 22:03:01');
INSERT INTO `work_type_refer` VALUES ('11081300', '化工与制药类', '11080000', '2021-04-14 22:03:01');
INSERT INTO `work_type_refer` VALUES ('11081400', '地质类', '11080000', '2021-04-14 22:03:01');
INSERT INTO `work_type_refer` VALUES ('11081500', '矿业类', '11080000', '2021-04-14 22:03:01');
INSERT INTO `work_type_refer` VALUES ('11081600', '纺织类', '11080000', '2021-04-14 22:03:01');
INSERT INTO `work_type_refer` VALUES ('11081700', '轻工类', '11080000', '2021-04-14 22:03:01');
INSERT INTO `work_type_refer` VALUES ('11081800', '交通运输类', '11080000', '2021-04-14 22:03:01');
INSERT INTO `work_type_refer` VALUES ('11081900', '海洋工程类', '11080000', '2021-04-14 22:03:01');
INSERT INTO `work_type_refer` VALUES ('11082000', '航空航天类', '11080000', '2021-04-14 22:03:01');
INSERT INTO `work_type_refer` VALUES ('11082100', '兵器类', '11080000', '2021-04-14 22:03:01');
INSERT INTO `work_type_refer` VALUES ('11082200', '核工程类', '11080000', '2021-04-14 22:03:01');
INSERT INTO `work_type_refer` VALUES ('11082300', '农业工程类', '11080000', '2021-04-14 22:03:01');
INSERT INTO `work_type_refer` VALUES ('11082400', '林业工程类', '11080000', '2021-04-14 22:03:01');
INSERT INTO `work_type_refer` VALUES ('11082500', '环境科学与工程类', '11080000', '2021-04-14 22:03:01');
INSERT INTO `work_type_refer` VALUES ('11082600', '生物医学工程类', '11080000', '2021-04-14 22:03:01');
INSERT INTO `work_type_refer` VALUES ('11082700', '食品科学与工程类', '11080000', '2021-04-14 22:03:01');
INSERT INTO `work_type_refer` VALUES ('11082800', '建筑类', '11080000', '2021-04-14 22:03:01');
INSERT INTO `work_type_refer` VALUES ('11082900', '安全科学与工程类', '11080000', '2021-04-14 22:03:01');
INSERT INTO `work_type_refer` VALUES ('11083000', '生物工程类', '11080000', '2021-04-14 22:03:01');
INSERT INTO `work_type_refer` VALUES ('11083100', '公安技术类', '11080000', '2021-04-14 22:03:01');
INSERT INTO `work_type_refer` VALUES ('11090000', '农学', '', '2021-04-14 21:02:47');
INSERT INTO `work_type_refer` VALUES ('11100000', '医学', '', '2021-04-14 21:02:47');
INSERT INTO `work_type_refer` VALUES ('11110000', '管理学', '', '2021-04-14 21:02:47');
INSERT INTO `work_type_refer` VALUES ('11120000', '艺术学', '', '2021-04-14 21:02:47');

SET FOREIGN_KEY_CHECKS = 1;
